step,time,x,y,z,T,qdot,is_component,k,rho,cp,vx,vy,vz,h
dx,0.1,dy,0.1,dz,0.1
0,0,0,0,0,20,66666.7,1,120,2300,700,0,0,0,0
0,0,0,0,1,20,0,0,0.02587,1.225,1005.5,0,0,0,0
0,0,0,0,2,20,0,0,0.02587,1.225,1005.5,0,0,0,0
0,0,0,0,3,20,0,0,0.02587,1.225,1005.5,0,0,0,0
0,0,0,0,4,20,0,0,0.02587,1.225,1005.5,0,0,0,0
0,0,0,1,0,20,66666.7,1,120,2300,700,0,0,0,0
0,0,0,1,1,20,0,0,0.02587,1.225,1005.5,0,0,0,0
0,0,0,1,2,20,0,0,0.02587,1.225,1005.5,0,0,0,0
0,0,0,1,3,20,0,0,0.02587,1.225,1005.5,0,0,0,0
0,0,0,1,4,20,0,0,0.02587,1.225,1005.5,0,0,0,0
0,0,0,2,0,20,66666.7,1,120,2300,700,0,0,0,0
0,0,0,2,1,20,0,0,0.02587,1.225,1005.5,0,0,0,0
0,0,0,2,2,20,0,0,0.02587,1.225,1005.5,0,0,0,0
0,0,0,2,3,20,0,0,0.02587,1.225,1005.5,0,0,0,0
0,0,0,2,4,20,0,0,0.02587,1.225,1005.5,0,0,0,0
0,0,1,0,0,20,227727,1,150,2700,900,0,0,0,0
0,0,1,0,1,20,0,0,0.02587,1.225,1005.5,0,0,0,0
0,0,1,0,2,20,0,0,0.02587,1.225,1005.5,0,0,0,0
0,0,1,0,3,20,0,0,0.02587,1.225,1005.5,0,0,0,0
0,0,1,0,4,20,0,0,0.02587,1.225,1005.5,0,0,0,0
0,0,1,1,0,20,227727,1,150,2700,900,0,0,0,0
0,0,1,1,1,20,0,0,0.02587,1.225,1005.5,0,0,0,0
0,0,1,1,2,20,0,0,0.02587,1.225,1005.5,0,0,0,0
0,0,1,1,3,20,0,0,0.02587,1.225,1005.5,0,0,0,0
0,0,1,1,4,20,0,0,0.02587,1.225,1005.5,0,0,0,0
0,0,1,2,0,20,227727,1,150,2700,900,0,0,0,0
0,0,1,2,1,20,0,0,0.02587,1.225,1005.5,0,0,0,0
0,0,1,2,2,20,0,0,0.02587,1.225,1005.5,0,0,0,0
0,0,1,2,3,20,0,0,0.02587,1.225,1005.5,0,0,0,0
0,0,1,2,4,20,0,0,0.02587,1.225,1005.5,0,0,0,0
0,0,2,0,0,20,227727,1,150,2700,900,0,0,0,0
0,0,2,0,1,20,0,0,0.02587,1.225,1005.5,0,0,0,0
0,0,2,0,2,20,0,0,0.02587,1.225,1005.5,0,0,0,0
0,0,2,0,3,20,0,0,0.02587,1.225,1005.5,0,0,0,0
0,0,2,0,4,20,0,0,0.02587,1.225,1005.5,0,0,0,0
0,0,2,1,0,20,227727,1,150,2700,900,0,0,0,0
0,0,2,1,1,20,0,0,0.02587,1.225,1005.5,0,0,0,0
0,0,2,1,2,20,0,0,0.02587,1.225,1005.5,0,0,0,0
0,0,2,1,3,20,0,0,0.02587,1.225,1005.5,0,0,0,0
0,0,2,1,4,20,0,0,0.02587,1.225,1005.5,0,0,0,0
0,0,2,2,0,20,227727,1,150,2700,900,0,0,0,0
0,0,2,2,1,20,0,0,0.02587,1.225,1005.5,0,0,0,0
0,0,2,2,2,20,0,0,0.02587,1.225,1005.5,0,0,0,0
0,0,2,2,3,20,0,0,0.02587,1.225,1005.5,0,0,0,0
0,0,2,2,4,20,0,0,0.02587,1.225,1005.5,0,0,0,0
1,0.05,0,0,0,20.0021,66666.7,1,120,2300,700,0,0,0,0.25
1,0.05,0,0,1,20,0,0,0.02587,0.983282,1005.5,0,0,0,0.25
1,0.05,0,0,2,20,0,0,0.02587,0.983282,1005.5,0,0,0,0
1,0.05,0,0,3,20,0,0,0.02587,0.983282,1005.5,0,0,0,0
1,0.05,0,0,4,20,0,0,0.02587,0.983282,1005.5,0,0,0,0
1,0.05,0,1,0,20.0021,66666.7,1,120,2300,700,0,0,0,0.25
1,0.05,0,1,1,20,0,0,0.02587,0.983282,1005.5,0,0,0,0.25
1,0.05,0,1,2,20,0,0,0.02587,0.983282,1005.5,0,0,0,0
1,0.05,0,1,3,20,0,0,0.02587,0.983282,1005.5,0,0,0,0
1,0.05,0,1,4,20,0,0,0.02587,0.983282,1005.5,0,0,0,0
1,0.05,0,2,0,20.0021,66666.7,1,120,2300,700,0,0,0,0.25
1,0.05,0,2,1,20,0,0,0.02587,0.983282,1005.5,0,0,0,0.25
1,0.05,0,2,2,20,0,0,0.02587,0.983282,1005.5,0,0,0,0
1,0.05,0,2,3,20,0,0,0.02587,0.983282,1005.5,0,0,0,0
1,0.05,0,2,4,20,0,0,0.02587,0.983282,1005.5,0,0,0,0
1,0.05,1,0,0,20.0047,227727,1,150,2700,900,0,0,0,0.25
1,0.05,1,0,1,20,0,0,0.02587,0.983282,1005.5,0,0,0,0.25
1,0.05,1,0,2,20,0,0,0.02587,0.983282,1005.5,0,0,0,0
1,0.05,1,0,3,20,0,0,0.02587,0.983282,1005.5,0,0,0,0
1,0.05,1,0,4,20,0,0,0.02587,0.983282,1005.5,0,0,0,0
1,0.05,1,1,0,20.0047,227727,1,150,2700,900,0,0,0,0.25
1,0.05,1,1,1,20,0,0,0.02587,0.983282,1005.5,0,0,0,0.25
1,0.05,1,1,2,20,0,0,0.02587,0.983282,1005.5,0,0,0,0
1,0.05,1,1,3,20,0,0,0.02587,0.983282,1005.5,0,0,0,0
1,0.05,1,1,4,20,0,0,0.02587,0.983282,1005.5,0,0,0,0
1,0.05,1,2,0,20.0047,227727,1,150,2700,900,0,0,0,0.25
1,0.05,1,2,1,20,0,0,0.02587,0.983282,1005.5,0,0,0,0.25
1,0.05,1,2,2,20,0,0,0.02587,0.983282,1005.5,0,0,0,0
1,0.05,1,2,3,20,0,0,0.02587,0.983282,1005.5,0,0,0,0
1,0.05,1,2,4,20,0,0,0.02587,0.983282,1005.5,0,0,0,0
1,0.05,2,0,0,20.0047,227727,1,150,2700,900,0,0,0,0.25
1,0.05,2,0,1,20,0,0,0.02587,0.983282,1005.5,0,0,0,0.25
1,0.05,2,0,2,20,0,0,0.02587,0.983282,1005.5,0,0,0,0
1,0.05,2,0,3,20,0,0,0.02587,0.983282,1005.5,0,0,0,0
1,0.05,2,0,4,20,0,0,0.02587,0.983282,1005.5,0,0,0,0
1,0.05,2,1,0,20.0047,227727,1,150,2700,900,0,0,0,0.25
1,0.05,2,1,1,20,0,0,0.02587,0.983282,1005.5,0,0,0,0.25
1,0.05,2,1,2,20,0,0,0.02587,0.983282,1005.5,0,0,0,0
1,0.05,2,1,3,20,0,0,0.02587,0.983282,1005.5,0,0,0,0
1,0.05,2,1,4,20,0,0,0.02587,0.983282,1005.5,0,0,0,0
1,0.05,2,2,0,20.0047,227727,1,150,2700,900,0,0,0,0.25
1,0.05,2,2,1,20,0,0,0.02587,0.983282,1005.5,0,0,0,0.25
1,0.05,2,2,2,20,0,0,0.02587,0.983282,1005.5,0,0,0,0
1,0.05,2,2,3,20,0,0,0.02587,0.983282,1005.5,0,0,0,0
1,0.05,2,2,4,20,0,0,0.02587,0.983282,1005.5,0,0,0,0
11,0.55,0,0,0,20.0228,66666.7,1,120,2300,700,0,0,0,1.00867
11,0.55,0,0,1,20.0001,0,0,0.02587,0.983282,1005.5,0,0,0,1.00867
11,0.55,0,0,2,20,0,0,0.02587,0.983282,1005.5,0,0,0,0
11,0.55,0,0,3,20,0,0,0.02587,0.983282,1005.5,0,0,0,0
11,0.55,0,0,4,20,0,0,0.02587,0.983282,1005.5,0,0,0,0
11,0.55,0,1,0,20.0228,66666.7,1,120,2300,700,0,0,0,1.00867
11,0.55,0,1,1,20.0001,0,0,0.02587,0.983282,1005.5,0,0,0,1.00867
11,0.55,0,1,2,20,0,0,0.02587,0.983282,1005.5,0,0,0,0
11,0.55,0,1,3,20,0,0,0.02587,0.983282,1005.5,0,0,0,0
11,0.55,0,1,4,20,0,0,0.02587,0.983282,1005.5,0,0,0,0
11,0.55,0,2,0,20.0228,66666.7,1,120,2300,700,0,0,0,1.00867
11,0.55,0,2,1,20.0001,0,0,0.02587,0.983282,1005.5,0,0,0,1.00867
11,0.55,0,2,2,20,0,0,0.02587,0.983282,1005.5,0,0,0,0
11,0.55,0,2,3,20,0,0,0.02587,0.983282,1005.5,0,0,0,0
11,0.55,0,2,4,20,0,0,0.02587,0.983282,1005.5,0,0,0,0
11,0.55,1,0,0,20.0515,227727,1,150,2700,900,0,0,0,1.23609
11,0.55,1,0,1,20.0001,0,0,0.02587,0.983282,1005.5,0,0,0,1.23609
11,0.55,1,0,2,20,0,0,0.02587,0.983282,1005.5,0,0,0,0
11,0.55,1,0,3,20,0,0,0.02587,0.983282,1005.5,0,0,0,0
11,0.55,1,0,4,20,0,0,0.02587,0.983282,1005.5,0,0,0,0
11,0.55,1,1,0,20.0515,227727,1,150,2700,900,0,0,0,1.23609
11,0.55,1,1,1,20.0001,0,0,0.02587,0.983282,1005.5,0,0,0,1.23609
11,0.55,1,1,2,20,0,0,0.02587,0.983282,1005.5,0,0,0,0
11,0.55,1,1,3,20,0,0,0.02587,0.983282,1005.5,0,0,0,0
11,0.55,1,1,4,20,0,0,0.02587,0.983282,1005.5,0,0,0,0
11,0.55,1,2,0,20.0515,227727,1,150,2700,900,0,0,0,1.23609
11,0.55,1,2,1,20.0001,0,0,0.02587,0.983282,1005.5,0,0,0,1.23609
11,0.55,1,2,2,20,0,0,0.02587,0.983282,1005.5,0,0,0,0
11,0.55,1,2,3,20,0,0,0.02587,0.983282,1005.5,0,0,0,0
11,0.55,1,2,4,20,0,0,0.02587,0.983282,1005.5,0,0,0,0
11,0.55,2,0,0,20.0515,227727,1,150,2700,900,0,0,0,1.2363
11,0.55,2,0,1,20.0001,0,0,0.02587,0.983282,1005.5,0,0,0,1.2363
11,0.55,2,0,2,20,0,0,0.02587,0.983282,1005.5,0,0,0,0
11,0.55,2,0,3,20,0,0,0.02587,0.983282,1005.5,0,0,0,0
11,0.55,2,0,4,20,0,0,0.02587,0.983282,1005.5,0,0,0,0
11,0.55,2,1,0,20.0515,227727,1,150,2700,900,0,0,0,1.2363
11,0.55,2,1,1,20.0001,0,0,0.02587,0.983282,1005.5,0,0,0,1.2363
11,0.55,2,1,2,20,0,0,0.02587,0.983282,1005.5,0,0,0,0
11,0.55,2,1,3,20,0,0,0.02587,0.983282,1005.5,0,0,0,0
11,0.55,2,1,4,20,0,0,0.02587,0.983282,1005.5,0,0,0,0
11,0.55,2,2,0,20.0515,227727,1,150,2700,900,0,0,0,1.2363
11,0.55,2,2,1,20.0001,0,0,0.02587,0.983282,1005.5,0,0,0,1.2363
11,0.55,2,2,2,20,0,0,0.02587,0.983282,1005.5,0,0,0,0
11,0.55,2,2,3,20,0,0,0.02587,0.983282,1005.5,0,0,0,0
11,0.55,2,2,4,20,0,0,0.02587,0.983282,1005.5,0,0,0,0
21,1.05,0,0,0,20.0437,66666.7,1,120,2300,700,0,0,0,1.19937
21,1.05,0,0,1,20.0002,0,0,0.02587,0.983281,1005.5,0,0,0,1.19937
21,1.05,0,0,2,20,0,0,0.02587,0.983282,1005.5,0,0,0,0
21,1.05,0,0,3,20,0,0,0.02587,0.983282,1005.5,0,0,0,0
21,1.05,0,0,4,20,0,0,0.02587,0.983282,1005.5,0,0,0,0
21,1.05,0,1,0,20.0437,66666.7,1,120,2300,700,0,0,0,1.19937
21,1.05,0,1,1,20.0002,0,0,0.02587,0.983281,1005.5,0,0,0,1.19937
21,1.05,0,1,2,20,0,0,0.02587,0.983282,1005.5,0,0,0,0
21,1.05,0,1,3,20,0,0,0.02587,0.983282,1005.5,0,0,0,0
21,1.05,0,1,4,20,0,0,0.02587,0.983282,1005.5,0,0,0,0
21,1.05,0,2,0,20.0437,66666.7,1,120,2300,700,0,0,0,1.19937
21,1.05,0,2,1,20.0002,0,0,0.02587,0.983281,1005.5,0,0,0,1.19937
21,1.05,0,2,2,20,0,0,0.02587,0.983282,1005.5,0,0,0,0
21,1.05,0,2,3,20,0,0,0.02587,0.983282,1005.5,0,0,0,0
21,1.05,0,2,4,20,0,0,0.02587,0.983282,1005.5,0,0,0,0
21,1.05,1,0,0,20.0983,227727,1,150,2700,900,0,0,0,1.46827
21,1.05,1,0,1,20.0006,0,0,0.02587,0.98328,1005.5,0,0,0,1.46827
21,1.05,1,0,2,20,0,0,0.02587,0.983282,1005.5,0,0,0,0
21,1.05,1,0,3,20,0,0,0.02587,0.983282,1005.5,0,0,0,0
21,1.05,1,0,4,20,0,0,0.02587,0.983282,1005.5,0,0,0,0
21,1.05,1,1,0,20.0983,227727,1,150,2700,900,0,0,0,1.46827
21,1.05,1,1,1,20.0006,0,0,0.02587,0.98328,1005.5,0,0,0,1.46827
21,1.05,1,1,2,20,0,0,0.02587,0.983282,1005.5,0,0,0,0
21,1.05,1,1,3,20,0,0,0.02587,0.983282,1005.5,0,0,0,0
21,1.05,1,1,4,20,0,0,0.02587,0.983282,1005.5,0,0,0,0
21,1.05,1,2,0,20.0983,227727,1,150,2700,900,0,0,0,1.46827
21,1.05,1,2,1,20.0006,0,0,0.02587,0.98328,1005.5,0,0,0,1.46827
21,1.05,1,2,2,20,0,0,0.02587,0.983282,1005.5,0,0,0,0
21,1.05,1,2,3,20,0,0,0.02587,0.983282,1005.5,0,0,0,0
21,1.05,1,2,4,20,0,0,0.02587,0.983282,1005.5,0,0,0,0
21,1.05,2,0,0,20.0984,227727,1,150,2700,900,0,0,0,1.4688
21,1.05,2,0,1,20.0007,0,0,0.02587,0.98328,1005.5,0,0,0,1.4688
21,1.05,2,0,2,20,0,0,0.02587,0.983282,1005.5,0,0,0,0
21,1.05,2,0,3,20,0,0,0.02587,0.983282,1005.5,0,0,0,0
21,1.05,2,0,4,20,0,0,0.02587,0.983282,1005.5,0,0,0,0
21,1.05,2,1,0,20.0984,227727,1,150,2700,900,0,0,0,1.4688
21,1.05,2,1,1,20.0007,0,0,0.02587,0.98328,1005.5,0,0,0,1.4688
21,1.05,2,1,2,20,0,0,0.02587,0.983282,1005.5,0,0,0,0
21,1.05,2,1,3,20,0,0,0.02587,0.983282,1005.5,0,0,0,0
21,1.05,2,1,4,20,0,0,0.02587,0.983282,1005.5,0,0,0,0
21,1.05,2,2,0,20.0984,227727,1,150,2700,900,0,0,0,1.4688
21,1.05,2,2,1,20.0007,0,0,0.02587,0.98328,1005.5,0,0,0,1.4688
21,1.05,2,2,2,20,0,0,0.02587,0.983282,1005.5,0,0,0,0
21,1.05,2,2,3,20,0,0,0.02587,0.983282,1005.5,0,0,0,0
21,1.05,2,2,4,20,0,0,0.02587,0.983282,1005.5,0,0,0,0
31,1.55,0,0,0,20.0647,66666.7,1,120,2300,700,0,0,0,1.32699
31,1.55,0,0,1,20.0006,0,0,0.02587,0.98328,1005.5,0,0,0,1.32699
31,1.55,0,0,2,20,0,0,0.02587,0.983282,1005.5,0,0,0,0
31,1.55,0,0,3,20,0,0,0.02587,0.983282,1005.5,0,0,0,0
31,1.55,0,0,4,20,0,0,0.02587,0.983282,1005.5,0,0,0,0
31,1.55,0,1,0,20.0647,66666.7,1,120,2300,700,0,0,0,1.32699
31,1.55,0,1,1,20.0006,0,0,0.02587,0.98328,1005.5,0,0,0,1.32699
31,1.55,0,1,2,20,0,0,0.02587,0.983282,1005.5,0,0,0,0
31,1.55,0,1,3,20,0,0,0.02587,0.983282,1005.5,0,0,0,0
31,1.55,0,1,4,20,0,0,0.02587,0.983282,1005.5,0,0,0,0
31,1.55,0,2,0,20.0647,66666.7,1,120,2300,700,0,0,0,1.32699
31,1.55,0,2,1,20.0006,0,0,0.02587,0.98328,1005.5,0,0,0,1.32699
31,1.55,0,2,2,20,0,0,0.02587,0.983282,1005.5,0,0,0,0
31,1.55,0,2,3,20,0,0,0.02587,0.983282,1005.5,0,0,0,0
31,1.55,0,2,4,20,0,0,0.02587,0.983282,1005.5,0,0,0,0
31,1.55,1,0,0,20.1449,227727,1,150,2700,900,0,0,0,1.62283
31,1.55,1,0,1,20.0016,0,0,0.02587,0.983277,1005.5,0,0,0,1.62283
31,1.55,1,0,2,20,0,0,0.02587,0.983282,1005.5,0,0,0,0
31,1.55,1,0,3,20,0,0,0.02587,0.983282,1005.5,0,0,0,0
31,1.55,1,0,4,20,0,0,0.02587,0.983282,1005.5,0,0,0,0
31,1.55,1,1,0,20.1449,227727,1,150,2700,900,0,0,0,1.62283
31,1.55,1,1,1,20.0016,0,0,0.02587,0.983277,1005.5,0,0,0,1.62283
31,1.55,1,1,2,20,0,0,0.02587,0.983282,1005.5,0,0,0,0
31,1.55,1,1,3,20,0,0,0.02587,0.983282,1005.5,0,0,0,0
31,1.55,1,1,4,20,0,0,0.02587,0.983282,1005.5,0,0,0,0
31,1.55,1,2,0,20.1449,227727,1,150,2700,900,0,0,0,1.62283
31,1.55,1,2,1,20.0016,0,0,0.02587,0.983277,1005.5,0,0,0,1.62283
31,1.55,1,2,2,20,0,0,0.02587,0.983282,1005.5,0,0,0,0
31,1.55,1,2,3,20,0,0,0.02587,0.983282,1005.5,0,0,0,0
31,1.55,1,2,4,20,0,0,0.02587,0.983282,1005.5,0,0,0,0
31,1.55,2,0,0,20.1453,227727,1,150,2700,900,0,0,0,1.62372
31,1.55,2,0,1,20.0016,0,0,0.02587,0.983277,1005.5,0,0,0,1.62372
31,1.55,2,0,2,20,0,0,0.02587,0.983282,1005.5,0,0,0,0
31,1.55,2,0,3,20,0,0,0.02587,0.983282,1005.5,0,0,0,0
31,1.55,2,0,4,20,0,0,0.02587,0.983282,1005.5,0,0,0,0
31,1.55,2,1,0,20.1453,227727,1,150,2700,900,0,0,0,1.62372
31,1.55,2,1,1,20.0016,0,0,0.02587,0.983277,1005.5,0,0,0,1.62372
31,1.55,2,1,2,20,0,0,0.02587,0.983282,1005.5,0,0,0,0
31,1.55,2,1,3,20,0,0,0.02587,0.983282,1005.5,0,0,0,0
31,1.55,2,1,4,20,0,0,0.02587,0.983282,1005.5,0,0,0,0
31,1.55,2,2,0,20.1453,227727,1,150,2700,900,0,0,0,1.62372
31,1.55,2,2,1,20.0016,0,0,0.02587,0.983277,1005.5,0,0,0,1.62372
31,1.55,2,2,2,20,0,0,0.02587,0.983282,1005.5,0,0,0,0
31,1.55,2,2,3,20,0,0,0.02587,0.983282,1005.5,0,0,0,0
31,1.55,2,2,4,20,0,0,0.02587,0.983282,1005.5,0,0,0,0
41,2.05,0,0,0,20.0858,66666.7,1,120,2300,700,0,0,0,1.42548
41,2.05,0,0,1,20.0011,0,0,0.02587,0.983278,1005.5,0,0,0,1.42548
41,2.05,0,0,2,20,0,0,0.02587,0.983282,1005.5,0,0,0,0
41,2.05,0,0,3,20,0,0,0.02587,0.983282,1005.5,0,0,0,0
41,2.05,0,0,4,20,0,0,0.02587,0.983282,1005.5,0,0,0,0
41,2.05,0,1,0,20.0858,66666.7,1,120,2300,700,0,0,0,1.42548
41,2.05,0,1,1,20.0011,0,0,0.02587,0.983278,1005.5,0,0,0,1.42548
41,2.05,0,1,2,20,0,0,0.02587,0.983282,1005.5,0,0,0,0
41,2.05,0,1,3,20,0,0,0.02587,0.983282,1005.5,0,0,0,0
41,2.05,0,1,4,20,0,0,0.02587,0.983282,1005.5,0,0,0,0
41,2.05,0,2,0,20.0858,66666.7,1,120,2300,700,0,0,0,1.42548
41,2.05,0,2,1,20.0011,0,0,0.02587,0.983278,1005.5,0,0,0,1.42548
41,2.05,0,2,2,20,0,0,0.02587,0.983282,1005.5,0,0,0,0
41,2.05,0,2,3,20,0,0,0.02587,0.983282,1005.5,0,0,0,0
41,2.05,0,2,4,20,0,0,0.02587,0.983282,1005.5,0,0,0,0
41,2.05,1,0,0,20.1915,227727,1,150,2700,900,0,0,0,1.74144
41,2.05,1,0,1,20.003,0,0,0.02587,0.983272,1005.5,0,0,0,1.74144
41,2.05,1,0,2,20,0,0,0.02587,0.983282,1005.5,0,0,0,0
41,2.05,1,0,3,20,0,0,0.02587,0.983282,1005.5,0,0,0,0
41,2.05,1,0,4,20,0,0,0.02587,0.983282,1005.5,0,0,0,0
41,2.05,1,1,0,20.1915,227727,1,150,2700,900,0,0,0,1.74144
41,2.05,1,1,1,20.003,0,0,0.02587,0.983272,1005.5,0,0,0,1.74144
41,2.05,1,1,2,20,0,0,0.02587,0.983282,1005.5,0,0,0,0
41,2.05,1,1,3,20,0,0,0.02587,0.983282,1005.5,0,0,0,0
41,2.05,1,1,4,20,0,0,0.02587,0.983282,1005.5,0,0,0,0
41,2.05,1,2,0,20.1915,227727,1,150,2700,900,0,0,0,1.74144
41,2.05,1,2,1,20.003,0,0,0.02587,0.983272,1005.5,0,0,0,1.74144
41,2.05,1,2,2,20,0,0,0.02587,0.983282,1005.5,0,0,0,0
41,2.05,1,2,3,20,0,0,0.02587,0.983282,1005.5,0,0,0,0
41,2.05,1,2,4,20,0,0,0.02587,0.983282,1005.5,0,0,0,0
41,2.05,2,0,0,20.1921,227727,1,150,2700,900,0,0,0,1.74272
41,2.05,2,0,1,20.003,0,0,0.02587,0.983272,1005.5,0,0,0,1.74272
41,2.05,2,0,2,20,0,0,0.02587,0.983282,1005.5,0,0,0,0
41,2.05,2,0,3,20,0,0,0.02587,0.983282,1005.5,0,0,0,0
41,2.05,2,0,4,20,0,0,0.02587,0.983282,1005.5,0,0,0,0
41,2.05,2,1,0,20.1921,227727,1,150,2700,900,0,0,0,1.74272
41,2.05,2,1,1,20.003,0,0,0.02587,0.983272,1005.5,0,0,0,1.74272
41,2.05,2,1,2,20,0,0,0.02587,0.983282,1005.5,0,0,0,0
41,2.05,2,1,3,20,0,0,0.02587,0.983282,1005.5,0,0,0,0
41,2.05,2,1,4,20,0,0,0.02587,0.983282,1005.5,0,0,0,0
41,2.05,2,2,0,20.1921,227727,1,150,2700,900,0,0,0,1.74272
41,2.05,2,2,1,20.003,0,0,0.02587,0.983272,1005.5,0,0,0,1.74272
41,2.05,2,2,2,20,0,0,0.02587,0.983282,1005.5,0,0,0,0
41,2.05,2,2,3,20,0,0,0.02587,0.983282,1005.5,0,0,0,0
41,2.05,2,2,4,20,0,0,0.02587,0.983282,1005.5,0,0,0,0
51,2.55,0,0,0,20.107,66666.7,1,120,2300,700,0,0,0,1.50667
51,2.55,0,0,1,20.0018,0,0,0.02587,0.983276,1005.5,0,0,0,1.50667
51,2.55,0,0,2,20,0,0,0.02587,0.983282,1005.5,0,0,0,0
51,2.55,0,0,3,20,0,0,0.02587,0.983282,1005.5,0,0,0,0
51,2.55,0,0,4,20,0,0,0.02587,0.983282,1005.5,0,0,0,0
51,2.55,0,1,0,20.107,66666.7,1,120,2300,700,0,0,0,1.50667
51,2.55,0,1,1,20.0018,0,0,0.02587,0.983276,1005.5,0,0,0,1.50667
51,2.55,0,1,2,20,0,0,0.02587,0.983282,1005.5,0,0,0,0
51,2.55,0,1,3,20,0,0,0.02587,0.983282,1005.5,0,0,0,0
51,2.55,0,1,4,20,0,0,0.02587,0.983282,1005.5,0,0,0,0
51,2.55,0,2,0,20.107,66666.7,1,120,2300,700,0,0,0,1.50667
51,2.55,0,2,1,20.0018,0,0,0.02587,0.983276,1005.5,0,0,0,1.50667
51,2.55,0,2,2,20,0,0,0.02587,0.983282,1005.5,0,0,0,0
51,2.55,0,2,3,20,0,0,0.02587,0.983282,1005.5,0,0,0,0
51,2.55,0,2,4,20,0,0,0.02587,0.983282,1005.5,0,0,0,0
51,2.55,1,0,0,20.2381,227727,1,150,2700,900,0,0,0,1.83869
51,2.55,1,0,1,20.0049,0,0,0.02587,0.983266,1005.5,0,0,0,1.83869
51,2.55,1,0,2,20,0,0,0.02587,0.983282,1005.5,0,0,0,0
51,2.55,1,0,3,20,0,0,0.02587,0.983282,1005.5,0,0,0,0
51,2.55,1,0,4,20,0,0,0.02587,0.983282,1005.5,0,0,0,0
51,2.55,1,1,0,20.2381,227727,1,150,2700,900,0,0,0,1.83869
51,2.55,1,1,1,20.0049,0,0,0.02587,0.983266,1005.5,0,0,0,1.83869
51,2.55,1,1,2,20,0,0,0.02587,0.983282,1005.5,0,0,0,0
51,2.55,1,1,3,20,0,0,0.02587,0.983282,1005.5,0,0,0,0
51,2.55,1,1,4,20,0,0,0.02587,0.983282,1005.5,0,0,0,0
51,2.55,1,2,0,20.2381,227727,1,150,2700,900,0,0,0,1.83869
51,2.55,1,2,1,20.0049,0,0,0.02587,0.983266,1005.5,0,0,0,1.83869
51,2.55,1,2,2,20,0,0,0.02587,0.983282,1005.5,0,0,0,0
51,2.55,1,2,3,20,0,0,0.02587,0.983282,1005.5,0,0,0,0
51,2.55,1,2,4,20,0,0,0.02587,0.983282,1005.5,0,0,0,0
51,2.55,2,0,0,20.239,227727,1,150,2700,900,0,0,0,1.84037
51,2.55,2,0,1,20.0049,0,0,0.02587,0.983266,1005.5,0,0,0,1.84037
51,2.55,2,0,2,20,0,0,0.02587,0.983282,1005.5,0,0,0,0
51,2.55,2,0,3,20,0,0,0.02587,0.983282,1005.5,0,0,0,0
51,2.55,2,0,4,20,0,0,0.02587,0.983282,1005.5,0,0,0,0
51,2.55,2,1,0,20.239,227727,1,150,2700,900,0,0,0,1.84037
51,2.55,2,1,1,20.0049,0,0,0.02587,0.983266,1005.5,0,0,0,1.84037
51,2.55,2,1,2,20,0,0,0.02587,0.983282,1005.5,0,0,0,0
51,2.55,2,1,3,20,0,0,0.02587,0.983282,1005.5,0,0,0,0
51,2.55,2,1,4,20,0,0,0.02587,0.983282,1005.5,0,0,0,0
51,2.55,2,2,0,20.239,227727,1,150,2700,900,0,0,0,1.84037
51,2.55,2,2,1,20.0049,0,0,0.02587,0.983266,1005.5,0,0,0,1.84037
51,2.55,2,2,2,20,0,0,0.02587,0.983282,1005.5,0,0,0,0
51,2.55,2,2,3,20,0,0,0.02587,0.983282,1005.5,0,0,0,0
51,2.55,2,2,4,20,0,0,0.02587,0.983282,1005.5,0,0,0,0
61,3.05,0,0,0,20.1282,66666.7,1,120,2300,700,0,0,0,1.57623
61,3.05,0,0,1,20.0027,0,0,0.02587,0.983273,1005.5,0,0,0,1.57623
61,3.05,0,0,2,20,0,0,0.02587,0.983282,1005.5,0,0,0,0
61,3.05,0,0,3,20,0,0,0.02587,0.983282,1005.5,0,0,0,0
61,3.05,0,0,4,20,0,0,0.02587,0.983282,1005.5,0,0,0,0
61,3.05,0,1,0,20.1282,66666.7,1,120,2300,700,0,0,0,1.57623
61,3.05,0,1,1,20.0027,0,0,0.02587,0.983273,1005.5,0,0,0,1.57623
61,3.05,0,1,2,20,0,0,0.02587,0.983282,1005.5,0,0,0,0
61,3.05,0,1,3,20,0,0,0.02587,0.983282,1005.5,0,0,0,0
61,3.05,0,1,4,20,0,0,0.02587,0.983282,1005.5,0,0,0,0
61,3.05,0,2,0,20.1282,66666.7,1,120,2300,700,0,0,0,1.57623
61,3.05,0,2,1,20.0027,0,0,0.02587,0.983273,1005.5,0,0,0,1.57623
61,3.05,0,2,2,20,0,0,0.02587,0.983282,1005.5,0,0,0,0
61,3.05,0,2,3,20,0,0,0.02587,0.983282,1005.5,0,0,0,0
61,3.05,0,2,4,20,0,0,0.02587,0.983282,1005.5,0,0,0,0
61,3.05,1,0,0,20.2845,227727,1,150,2700,900,0,0,0,1.92154
61,3.05,1,0,1,20.0073,0,0,0.02587,0.983258,1005.5,0,0,0,1.92154
61,3.05,1,0,2,20,0,0,0.02587,0.983282,1005.5,0,0,0,0
61,3.05,1,0,3,20,0,0,0.02587,0.983282,1005.5,0,0,0,0
61,3.05,1,0,4,20,0,0,0.02587,0.983282,1005.5,0,0,0,0
61,3.05,1,1,0,20.2845,227727,1,150,2700,900,0,0,0,1.92154
61,3.05,1,1,1,20.0073,0,0,0.02587,0.983258,1005.5,0,0,0,1.92154
61,3.05,1,1,2,20,0,0,0.02587,0.983282,1005.5,0,0,0,0
61,3.05,1,1,3,20,0,0,0.02587,0.983282,1005.5,0,0,0,0
61,3.05,1,1,4,20,0,0,0.02587,0.983282,1005.5,0,0,0,0
61,3.05,1,2,0,20.2845,227727,1,150,2700,900,0,0,0,1.92154
61,3.05,1,2,1,20.0073,0,0,0.02587,0.983258,1005.5,0,0,0,1.92154
61,3.05,1,2,2,20,0,0,0.02587,0.983282,1005.5,0,0,0,0
61,3.05,1,2,3,20,0,0,0.02587,0.983282,1005.5,0,0,0,0
61,3.05,1,2,4,20,0,0,0.02587,0.983282,1005.5,0,0,0,0
61,3.05,2,0,0,20.2858,227727,1,150,2700,900,0,0,0,1.92365
61,3.05,2,0,1,20.0073,0,0,0.02587,0.983258,1005.5,0,0,0,1.92365
61,3.05,2,0,2,20,0,0,0.02587,0.983282,1005.5,0,0,0,0
61,3.05,2,0,3,20,0,0,0.02587,0.983282,1005.5,0,0,0,0
61,3.05,2,0,4,20,0,0,0.02587,0.983282,1005.5,0,0,0,0
61,3.05,2,1,0,20.2858,227727,1,150,2700,900,0,0,0,1.92365
61,3.05,2,1,1,20.0073,0,0,0.02587,0.983258,1005.5,0,0,0,1.92365
61,3.05,2,1,2,20,0,0,0.02587,0.983282,1005.5,0,0,0,0
61,3.05,2,1,3,20,0,0,0.02587,0.983282,1005.5,0,0,0,0
61,3.05,2,1,4,20,0,0,0.02587,0.983282,1005.5,0,0,0,0
61,3.05,2,2,0,20.2858,227727,1,150,2700,900,0,0,0,1.92365
61,3.05,2,2,1,20.0073,0,0,0.02587,0.983258,1005.5,0,0,0,1.92365
61,3.05,2,2,2,20,0,0,0.02587,0.983282,1005.5,0,0,0,0
61,3.05,2,2,3,20,0,0,0.02587,0.983282,1005.5,0,0,0,0
61,3.05,2,2,4,20,0,0,0.02587,0.983282,1005.5,0,0,0,0
71,3.55,0,0,0,20.1496,66666.7,1,120,2300,700,0,0,0,1.63735
71,3.55,0,0,1,20.0038,0,0,0.02587,0.983269,1005.5,0,0,0,1.63735
71,3.55,0,0,2,20,0,0,0.02587,0.983282,1005.5,0,0,0,0
71,3.55,0,0,3,20,0,0,0.02587,0.983282,1005.5,0,0,0,0
71,3.55,0,0,4,20,0,0,0.02587,0.983282,1005.5,0,0,0,0
71,3.55,0,1,0,20.1496,66666.7,1,120,2300,700,0,0,0,1.63735
71,3.55,0,1,1,20.0038,0,0,0.02587,0.983269,1005.5,0,0,0,1.63735
71,3.55,0,1,2,20,0,0,0.02587,0.983282,1005.5,0,0,0,0
71,3.55,0,1,3,20,0,0,0.02587,0.983282,1005.5,0,0,0,0
71,3.55,0,1,4,20,0,0,0.02587,0.983282,1005.5,0,0,0,0
71,3.55,0,2,0,20.1496,66666.7,1,120,2300,700,0,0,0,1.63735
71,3.55,0,2,1,20.0038,0,0,0.02587,0.983269,1005.5,0,0,0,1.63735
71,3.55,0,2,2,20,0,0,0.02587,0.983282,1005.5,0,0,0,0
71,3.55,0,2,3,20,0,0,0.02587,0.983282,1005.5,0,0,0,0
71,3.55,0,2,4,20,0,0,0.02587,0.983282,1005.5,0,0,0,0
71,3.55,1,0,0,20.3309,227727,1,150,2700,900,0,0,0,1.99393
71,3.55,1,0,1,20.0102,0,0,0.02587,0.983248,1005.5,0,0,0,1.99393
71,3.55,1,0,2,20,0,0,0.02587,0.983282,1005.5,0,0,0,0
71,3.55,1,0,3,20,0,0,0.02587,0.983282,1005.5,0,0,0,0
71,3.55,1,0,4,20,0,0,0.02587,0.983282,1005.5,0,0,0,0
71,3.55,1,1,0,20.3309,227727,1,150,2700,900,0,0,0,1.99393
71,3.55,1,1,1,20.0102,0,0,0.02587,0.983248,1005.5,0,0,0,1.99393
71,3.55,1,1,2,20,0,0,0.02587,0.983282,1005.5,0,0,0,0
71,3.55,1,1,3,20,0,0,0.02587,0.983282,1005.5,0,0,0,0
71,3.55,1,1,4,20,0,0,0.02587,0.983282,1005.5,0,0,0,0
71,3.55,1,2,0,20.3309,227727,1,150,2700,900,0,0,0,1.99393
71,3.55,1,2,1,20.0102,0,0,0.02587,0.983248,1005.5,0,0,0,1.99393
71,3.55,1,2,2,20,0,0,0.02587,0.983282,1005.5,0,0,0,0
71,3.55,1,2,3,20,0,0,0.02587,0.983282,1005.5,0,0,0,0
71,3.55,1,2,4,20,0,0,0.02587,0.983282,1005.5,0,0,0,0
71,3.55,2,0,0,20.3327,227727,1,150,2700,900,0,0,0,1.99648
71,3.55,2,0,1,20.0103,0,0,0.02587,0.983248,1005.5,0,0,0,1.99648
71,3.55,2,0,2,20,0,0,0.02587,0.983282,1005.5,0,0,0,0
71,3.55,2,0,3,20,0,0,0.02587,0.983282,1005.5,0,0,0,0
71,3.55,2,0,4,20,0,0,0.02587,0.983282,1005.5,0,0,0,0
71,3.55,2,1,0,20.3327,227727,1,150,2700,900,0,0,0,1.99648
71,3.55,2,1,1,20.0103,0,0,0.02587,0.983248,1005.5,0,0,0,1.99648
71,3.55,2,1,2,20,0,0,0.02587,0.983282,1005.5,0,0,0,0
71,3.55,2,1,3,20,0,0,0.02587,0.983282,1005.5,0,0,0,0
71,3.55,2,1,4,20,0,0,0.02587,0.983282,1005.5,0,0,0,0
71,3.55,2,2,0,20.3327,227727,1,150,2700,900,0,0,0,1.99648
71,3.55,2,2,1,20.0103,0,0,0.02587,0.983248,1005.5,0,0,0,1.99648
71,3.55,2,2,2,20,0,0,0.02587,0.983282,1005.5,0,0,0,0
71,3.55,2,2,3,20,0,0,0.02587,0.983282,1005.5,0,0,0,0
71,3.55,2,2,4,20,0,0,0.02587,0.983282,1005.5,0,0,0,0
81,4.05,0,0,0,20.1711,66666.7,1,120,2300,700,0,0,0,1.69202
81,4.05,0,0,1,20.0051,0,0,0.02587,0.983265,1005.5,0,0,0,1.69202
81,4.05,0,0,2,20,0,0,0.02587,0.983282,1005.5,0,0,0,0
81,4.05,0,0,3,20,0,0,0.02587,0.983282,1005.5,0,0,0,0
81,4.05,0,0,4,20,0,0,0.02587,0.983282,1005.5,0,0,0,0
81,4.05,0,1,0,20.1711,66666.7,1,120,2300,700,0,0,0,1.69202
81,4.05,0,1,1,20.0051,0,0,0.02587,0.983265,1005.5,0,0,0,1.69202
81,4.05,0,1,2,20,0,0,0.02587,0.983282,1005.5,0,0,0,0
81,4.05,0,1,3,20,0,0,0.02587,0.983282,1005.5,0,0,0,0
81,4.05,0,1,4,20,0,0,0.02587,0.983282,1005.5,0,0,0,0
81,4.05,0,2,0,20.1711,66666.7,1,120,2300,700,0,0,0,1.69202
81,4.05,0,2,1,20.0051,0,0,0.02587,0.983265,1005.5,0,0,0,1.69202
81,4.05,0,2,2,20,0,0,0.02587,0.983282,1005.5,0,0,0,0
81,4.05,0,2,3,20,0,0,0.02587,0.983282,1005.5,0,0,0,0
81,4.05,0,2,4,20,0,0,0.02587,0.983282,1005.5,0,0,0,0
81,4.05,1,0,0,20.3773,227727,1,150,2700,900,0,0,0,2.05832
81,4.05,1,0,1,20.0137,0,0,0.02587,0.983236,1005.5,0,0,0,2.05832
81,4.05,1,0,2,20,0,0,0.02587,0.983282,1005.5,0,0,0,0
81,4.05,1,0,3,20,0,0,0.02587,0.983282,1005.5,0,0,0,0
81,4.05,1,0,4,20,0,0,0.02587,0.983282,1005.5,0,0,0,0
81,4.05,1,1,0,20.3773,227727,1,150,2700,900,0,0,0,2.05832
81,4.05,1,1,1,20.0137,0,0,0.02587,0.983236,1005.5,0,0,0,2.05832
81,4.05,1,1,2,20,0,0,0.02587,0.983282,1005.5,0,0,0,0
81,4.05,1,1,3,20,0,0,0.02587,0.983282,1005.5,0,0,0,0
81,4.05,1,1,4,20,0,0,0.02587,0.983282,1005.5,0,0,0,0
81,4.05,1,2,0,20.3773,227727,1,150,2700,900,0,0,0,2.05832
81,4.05,1,2,1,20.0137,0,0,0.02587,0.983236,1005.5,0,0,0,2.05832
81,4.05,1,2,2,20,0,0,0.02587,0.983282,1005.5,0,0,0,0
81,4.05,1,2,3,20,0,0,0.02587,0.983282,1005.5,0,0,0,0
81,4.05,1,2,4,20,0,0,0.02587,0.983282,1005.5,0,0,0,0
81,4.05,2,0,0,20.3795,227727,1,150,2700,900,0,0,0,2.06132
81,4.05,2,0,1,20.0138,0,0,0.02587,0.983236,1005.5,0,0,0,2.06132
81,4.05,2,0,2,20,0,0,0.02587,0.983282,1005.5,0,0,0,0
81,4.05,2,0,3,20,0,0,0.02587,0.983282,1005.5,0,0,0,0
81,4.05,2,0,4,20,0,0,0.02587,0.983282,1005.5,0,0,0,0
81,4.05,2,1,0,20.3795,227727,1,150,2700,900,0,0,0,2.06132
81,4.05,2,1,1,20.0138,0,0,0.02587,0.983236,1005.5,0,0,0,2.06132
81,4.05,2,1,2,20,0,0,0.02587,0.983282,1005.5,0,0,0,0
81,4.05,2,1,3,20,0,0,0.02587,0.983282,1005.5,0,0,0,0
81,4.05,2,1,4,20,0,0,0.02587,0.983282,1005.5,0,0,0,0
81,4.05,2,2,0,20.3795,227727,1,150,2700,900,0,0,0,2.06132
81,4.05,2,2,1,20.0138,0,0,0.02587,0.983236,1005.5,0,0,0,2.06132
81,4.05,2,2,2,20,0,0,0.02587,0.983282,1005.5,0,0,0,0
81,4.05,2,2,3,20,0,0,0.02587,0.983282,1005.5,0,0,0,0
81,4.05,2,2,4,20,0,0,0.02587,0.983282,1005.5,0,0,0,0
91,4.55,0,0,0,20.1927,66666.7,1,120,2300,700,0,0,0,1.74158
91,4.55,0,0,1,20.0066,0,0,0.02587,0.98326,1005.5,0,0,0,1.74158
91,4.55,0,0,2,20,0,0,0.02587,0.983282,1005.5,0,0,0,0
91,4.55,0,0,3,20,0,0,0.02587,0.983282,1005.5,0,0,0,0
91,4.55,0,0,4,20,0,0,0.02587,0.983282,1005.5,0,0,0,0
91,4.55,0,1,0,20.1927,66666.7,1,120,2300,700,0,0,0,1.74158
91,4.55,0,1,1,20.0066,0,0,0.02587,0.98326,1005.5,0,0,0,1.74158
91,4.55,0,1,2,20,0,0,0.02587,0.983282,1005.5,0,0,0,0
91,4.55,0,1,3,20,0,0,0.02587,0.983282,1005.5,0,0,0,0
91,4.55,0,1,4,20,0,0,0.02587,0.983282,1005.5,0,0,0,0
91,4.55,0,2,0,20.1927,66666.7,1,120,2300,700,0,0,0,1.74158
91,4.55,0,2,1,20.0066,0,0,0.02587,0.98326,1005.5,0,0,0,1.74158
91,4.55,0,2,2,20,0,0,0.02587,0.983282,1005.5,0,0,0,0
91,4.55,0,2,3,20,0,0,0.02587,0.983282,1005.5,0,0,0,0
91,4.55,0,2,4,20,0,0,0.02587,0.983282,1005.5,0,0,0,0
91,4.55,1,0,0,20.4235,227727,1,150,2700,900,0,0,0,2.11636
91,4.55,1,0,1,20.0177,0,0,0.02587,0.983223,1005.5,0,0,0,2.11636
91,4.55,1,0,2,20.0001,0,0,0.02587,0.983282,1005.5,0,0,0,0
91,4.55,1,0,3,20,0,0,0.02587,0.983282,1005.5,0,0,0,0
91,4.55,1,0,4,20,0,0,0.02587,0.983282,1005.5,0,0,0,0
91,4.55,1,1,0,20.4235,227727,1,150,2700,900,0,0,0,2.11636
91,4.55,1,1,1,20.0177,0,0,0.02587,0.983223,1005.5,0,0,0,2.11636
91,4.55,1,1,2,20.0001,0,0,0.02587,0.983282,1005.5,0,0,0,0
91,4.55,1,1,3,20,0,0,0.02587,0.983282,1005.5,0,0,0,0
91,4.55,1,1,4,20,0,0,0.02587,0.983282,1005.5,0,0,0,0
91,4.55,1,2,0,20.4235,227727,1,150,2700,900,0,0,0,2.11636
91,4.55,1,2,1,20.0177,0,0,0.02587,0.983223,1005.5,0,0,0,2.11636
91,4.55,1,2,2,20.0001,0,0,0.02587,0.983282,1005.5,0,0,0,0
91,4.55,1,2,3,20,0,0,0.02587,0.983282,1005.5,0,0,0,0
91,4.55,1,2,4,20,0,0,0.02587,0.983282,1005.5,0,0,0,0
91,4.55,2,0,0,20.4264,227727,1,150,2700,900,0,0,0,2.11982
91,4.55,2,0,1,20.0178,0,0,0.02587,0.983222,1005.5,0,0,0,2.11982
91,4.55,2,0,2,20.0001,0,0,0.02587,0.983282,1005.5,0,0,0,0
91,4.55,2,0,3,20,0,0,0.02587,0.983282,1005.5,0,0,0,0
91,4.55,2,0,4,20,0,0,0.02587,0.983282,1005.5,0,0,0,0
91,4.55,2,1,0,20.4264,227727,1,150,2700,900,0,0,0,2.11982
91,4.55,2,1,1,20.0178,0,0,0.02587,0.983222,1005.5,0,0,0,2.11982
91,4.55,2,1,2,20.0001,0,0,0.02587,0.983282,1005.5,0,0,0,0
91,4.55,2,1,3,20,0,0,0.02587,0.983282,1005.5,0,0,0,0
91,4.55,2,1,4,20,0,0,0.02587,0.983282,1005.5,0,0,0,0
91,4.55,2,2,0,20.4264,227727,1,150,2700,900,0,0,0,2.11982
91,4.55,2,2,1,20.0178,0,0,0.02587,0.983222,1005.5,0,0,0,2.11982
91,4.55,2,2,2,20.0001,0,0,0.02587,0.983282,1005.5,0,0,0,0
91,4.55,2,2,3,20,0,0,0.02587,0.983282,1005.5,0,0,0,0
91,4.55,2,2,4,20,0,0,0.02587,0.983282,1005.5,0,0,0,0
101,5.05,0,0,0,20.2145,66666.7,1,120,2300,700,0,0,0,1.78697
101,5.05,0,0,1,20.0084,0,0,0.02587,0.983254,1005.5,0,0,0,1.78697
101,5.05,0,0,2,20,0,0,0.02587,0.983282,1005.5,0,0,0,0
101,5.05,0,0,3,20,0,0,0.02587,0.983282,1005.5,0,0,0,0
101,5.05,0,0,4,20,0,0,0.02587,0.983282,1005.5,0,0,0,0
101,5.05,0,1,0,20.2145,66666.7,1,120,2300,700,0,0,0,1.78697
101,5.05,0,1,1,20.0084,0,0,0.02587,0.983254,1005.5,0,0,0,1.78697
101,5.05,0,1,2,20,0,0,0.02587,0.983282,1005.5,0,0,0,0
101,5.05,0,1,3,20,0,0,0.02587,0.983282,1005.5,0,0,0,0
101,5.05,0,1,4,20,0,0,0.02587,0.983282,1005.5,0,0,0,0
101,5.05,0,2,0,20.2145,66666.7,1,120,2300,700,0,0,0,1.78697
101,5.05,0,2,1,20.0084,0,0,0.02587,0.983254,1005.5,0,0,0,1.78697
101,5.05,0,2,2,20,0,0,0.02587,0.983282,1005.5,0,0,0,0
101,5.05,0,2,3,20,0,0,0.02587,0.983282,1005.5,0,0,0,0
101,5.05,0,2,4,20,0,0,0.02587,0.983282,1005.5,0,0,0,0
101,5.05,1,0,0,20.4697,227727,1,150,2700,900,0,0,0,2.16922
101,5.05,1,0,1,20.0222,0,0,0.02587,0.983207,1005.5,0,0,0,2.16922
101,5.05,1,0,2,20.0001,0,0,0.02587,0.983282,1005.5,0,0,0,0
101,5.05,1,0,3,20,0,0,0.02587,0.983282,1005.5,0,0,0,0
101,5.05,1,0,4,20,0,0,0.02587,0.983282,1005.5,0,0,0,0
101,5.05,1,1,0,20.4697,227727,1,150,2700,900,0,0,0,2.16922
101,5.05,1,1,1,20.0222,0,0,0.02587,0.983207,1005.5,0,0,0,2.16922
101,5.05,1,1,2,20.0001,0,0,0.02587,0.983282,1005.5,0,0,0,0
101,5.05,1,1,3,20,0,0,0.02587,0.983282,1005.5,0,0,0,0
101,5.05,1,1,4,20,0,0,0.02587,0.983282,1005.5,0,0,0,0
101,5.05,1,2,0,20.4697,227727,1,150,2700,900,0,0,0,2.16922
101,5.05,1,2,1,20.0222,0,0,0.02587,0.983207,1005.5,0,0,0,2.16922
101,5.05,1,2,2,20.0001,0,0,0.02587,0.983282,1005.5,0,0,0,0
101,5.05,1,2,3,20,0,0,0.02587,0.983282,1005.5,0,0,0,0
101,5.05,1,2,4,20,0,0,0.02587,0.983282,1005.5,0,0,0,0
101,5.05,2,0,0,20.4732,227727,1,150,2700,900,0,0,0,2.17314
101,5.05,2,0,1,20.0224,0,0,0.02587,0.983207,1005.5,0,0,0,2.17314
101,5.05,2,0,2,20.0001,0,0,0.02587,0.983282,1005.5,0,0,0,0
101,5.05,2,0,3,20,0,0,0.02587,0.983282,1005.5,0,0,0,0
101,5.05,2,0,4,20,0,0,0.02587,0.983282,1005.5,0,0,0,0
101,5.05,2,1,0,20.4732,227727,1,150,2700,900,0,0,0,2.17314
101,5.05,2,1,1,20.0224,0,0,0.02587,0.983207,1005.5,0,0,0,2.17314
101,5.05,2,1,2,20.0001,0,0,0.02587,0.983282,1005.5,0,0,0,0
101,5.05,2,1,3,20,0,0,0.02587,0.983282,1005.5,0,0,0,0
101,5.05,2,1,4,20,0,0,0.02587,0.983282,1005.5,0,0,0,0
101,5.05,2,2,0,20.4732,227727,1,150,2700,900,0,0,0,2.17314
101,5.05,2,2,1,20.0224,0,0,0.02587,0.983207,1005.5,0,0,0,2.17314
101,5.05,2,2,2,20.0001,0,0,0.02587,0.983282,1005.5,0,0,0,0
101,5.05,2,2,3,20,0,0,0.02587,0.983282,1005.5,0,0,0,0
101,5.05,2,2,4,20,0,0,0.02587,0.983282,1005.5,0,0,0,0
111,5.55,0,0,0,20.2363,66666.7,1,120,2300,700,0,0,0,1.82888
111,5.55,0,0,1,20.0104,0,0,0.02587,0.983247,1005.5,0,0,0,1.82888
111,5.55,0,0,2,20,0,0,0.02587,0.983282,1005.5,0,0,0,0
111,5.55,0,0,3,20,0,0,0.02587,0.983282,1005.5,0,0,0,0
111,5.55,0,0,4,20,0,0,0.02587,0.983282,1005.5,0,0,0,0
111,5.55,0,1,0,20.2363,66666.7,1,120,2300,700,0,0,0,1.82888
111,5.55,0,1,1,20.0104,0,0,0.02587,0.983247,1005.5,0,0,0,1.82888
111,5.55,0,1,2,20,0,0,0.02587,0.983282,1005.5,0,0,0,0
111,5.55,0,1,3,20,0,0,0.02587,0.983282,1005.5,0,0,0,0
111,5.55,0,1,4,20,0,0,0.02587,0.983282,1005.5,0,0,0,0
111,5.55,0,2,0,20.2363,66666.7,1,120,2300,700,0,0,0,1.82888
111,5.55,0,2,1,20.0104,0,0,0.02587,0.983247,1005.5,0,0,0,1.82888
111,5.55,0,2,2,20,0,0,0.02587,0.983282,1005.5,0,0,0,0
111,5.55,0,2,3,20,0,0,0.02587,0.983282,1005.5,0,0,0,0
111,5.55,0,2,4,20,0,0,0.02587,0.983282,1005.5,0,0,0,0
111,5.55,1,0,0,20.5159,227727,1,150,2700,900,0,0,0,2.21776
111,5.55,1,0,1,20.0274,0,0,0.02587,0.98319,1005.5,0,0,0,2.21776
111,5.55,1,0,2,20.0001,0,0,0.02587,0.983282,1005.5,0,0,0,0
111,5.55,1,0,3,20,0,0,0.02587,0.983282,1005.5,0,0,0,0
111,5.55,1,0,4,20,0,0,0.02587,0.983282,1005.5,0,0,0,0
111,5.55,1,1,0,20.5159,227727,1,150,2700,900,0,0,0,2.21776
111,5.55,1,1,1,20.0274,0,0,0.02587,0.98319,1005.5,0,0,0,2.21776
111,5.55,1,1,2,20.0001,0,0,0.02587,0.983282,1005.5,0,0,0,0
111,5.55,1,1,3,20,0,0,0.02587,0.983282,1005.5,0,0,0,0
111,5.55,1,1,4,20,0,0,0.02587,0.983282,1005.5,0,0,0,0
111,5.55,1,2,0,20.5159,227727,1,150,2700,900,0,0,0,2.21776
111,5.55,1,2,1,20.0274,0,0,0.02587,0.98319,1005.5,0,0,0,2.21776
111,5.55,1,2,2,20.0001,0,0,0.02587,0.983282,1005.5,0,0,0,0
111,5.55,1,2,3,20,0,0,0.02587,0.983282,1005.5,0,0,0,0
111,5.55,1,2,4,20,0,0,0.02587,0.983282,1005.5,0,0,0,0
111,5.55,2,0,0,20.5201,227727,1,150,2700,900,0,0,0,2.22215
111,5.55,2,0,1,20.0276,0,0,0.02587,0.983189,1005.5,0,0,0,2.22215
111,5.55,2,0,2,20.0001,0,0,0.02587,0.983282,1005.5,0,0,0,0
111,5.55,2,0,3,20,0,0,0.02587,0.983282,1005.5,0,0,0,0
111,5.55,2,0,4,20,0,0,0.02587,0.983282,1005.5,0,0,0,0
111,5.55,2,1,0,20.5201,227727,1,150,2700,900,0,0,0,2.22215
111,5.55,2,1,1,20.0276,0,0,0.02587,0.983189,1005.5,0,0,0,2.22215
111,5.55,2,1,2,20.0001,0,0,0.02587,0.983282,1005.5,0,0,0,0
111,5.55,2,1,3,20,0,0,0.02587,0.983282,1005.5,0,0,0,0
111,5.55,2,1,4,20,0,0,0.02587,0.983282,1005.5,0,0,0,0
111,5.55,2,2,0,20.5201,227727,1,150,2700,900,0,0,0,2.22215
111,5.55,2,2,1,20.0276,0,0,0.02587,0.983189,1005.5,0,0,0,2.22215
111,5.55,2,2,2,20.0001,0,0,0.02587,0.983282,1005.5,0,0,0,0
111,5.55,2,2,3,20,0,0,0.02587,0.983282,1005.5,0,0,0,0
111,5.55,2,2,4,20,0,0,0.02587,0.983282,1005.5,0,0,0,0
121,6.05,0,0,0,20.2582,66666.7,1,120,2300,700,0,0,0,1.86785
121,6.05,0,0,1,20.0126,0,0,0.02587,0.98324,1005.5,0,0,0,1.86785
121,6.05,0,0,2,20.0001,0,0,0.02587,0.983282,1005.5,0,0,0,0
121,6.05,0,0,3,20,0,0,0.02587,0.983282,1005.5,0,0,0,0
121,6.05,0,0,4,20,0,0,0.02587,0.983282,1005.5,0,0,0,0
121,6.05,0,1,0,20.2582,66666.7,1,120,2300,700,0,0,0,1.86785
121,6.05,0,1,1,20.0126,0,0,0.02587,0.98324,1005.5,0,0,0,1.86785
121,6.05,0,1,2,20.0001,0,0,0.02587,0.983282,1005.5,0,0,0,0
121,6.05,0,1,3,20,0,0,0.02587,0.983282,1005.5,0,0,0,0
121,6.05,0,1,4,20,0,0,0.02587,0.983282,1005.5,0,0,0,0
121,6.05,0,2,0,20.2582,66666.7,1,120,2300,700,0,0,0,1.86785
121,6.05,0,2,1,20.0126,0,0,0.02587,0.98324,1005.5,0,0,0,1.86785
121,6.05,0,2,2,20.0001,0,0,0.02587,0.983282,1005.5,0,0,0,0
121,6.05,0,2,3,20,0,0,0.02587,0.983282,1005.5,0,0,0,0
121,6.05,0,2,4,20,0,0,0.02587,0.983282,1005.5,0,0,0,0
121,6.05,1,0,0,20.562,227727,1,150,2700,900,0,0,0,2.26262
121,6.05,1,0,1,20.0331,0,0,0.02587,0.983171,1005.5,0,0,0,2.26262
121,6.05,1,0,2,20.0002,0,0,0.02587,0.983282,1005.5,0,0,0,0
121,6.05,1,0,3,20,0,0,0.02587,0.983282,1005.5,0,0,0,0
121,6.05,1,0,4,20,0,0,0.02587,0.983282,1005.5,0,0,0,0
121,6.05,1,1,0,20.562,227727,1,150,2700,900,0,0,0,2.26262
121,6.05,1,1,1,20.0331,0,0,0.02587,0.983171,1005.5,0,0,0,2.26262
121,6.05,1,1,2,20.0002,0,0,0.02587,0.983282,1005.5,0,0,0,0
121,6.05,1,1,3,20,0,0,0.02587,0.983282,1005.5,0,0,0,0
121,6.05,1,1,4,20,0,0,0.02587,0.983282,1005.5,0,0,0,0
121,6.05,1,2,0,20.562,227727,1,150,2700,900,0,0,0,2.26262
121,6.05,1,2,1,20.0331,0,0,0.02587,0.983171,1005.5,0,0,0,2.26262
121,6.05,1,2,2,20.0002,0,0,0.02587,0.983282,1005.5,0,0,0,0
121,6.05,1,2,3,20,0,0,0.02587,0.983282,1005.5,0,0,0,0
121,6.05,1,2,4,20,0,0,0.02587,0.983282,1005.5,0,0,0,0
121,6.05,2,0,0,20.5669,227727,1,150,2700,900,0,0,0,2.26748
121,6.05,2,0,1,20.0334,0,0,0.02587,0.98317,1005.5,0,0,0,2.26748
121,6.05,2,0,2,20.0002,0,0,0.02587,0.983282,1005.5,0,0,0,0
121,6.05,2,0,3,20,0,0,0.02587,0.983282,1005.5,0,0,0,0
121,6.05,2,0,4,20,0,0,0.02587,0.983282,1005.5,0,0,0,0
121,6.05,2,1,0,20.5669,227727,1,150,2700,900,0,0,0,2.26748
121,6.05,2,1,1,20.0334,0,0,0.02587,0.98317,1005.5,0,0,0,2.26748
121,6.05,2,1,2,20.0002,0,0,0.02587,0.983282,1005.5,0,0,0,0
121,6.05,2,1,3,20,0,0,0.02587,0.983282,1005.5,0,0,0,0
121,6.05,2,1,4,20,0,0,0.02587,0.983282,1005.5,0,0,0,0
121,6.05,2,2,0,20.5669,227727,1,150,2700,900,0,0,0,2.26748
121,6.05,2,2,1,20.0334,0,0,0.02587,0.98317,1005.5,0,0,0,2.26748
121,6.05,2,2,2,20.0002,0,0,0.02587,0.983282,1005.5,0,0,0,0
121,6.05,2,2,3,20,0,0,0.02587,0.983282,1005.5,0,0,0,0
121,6.05,2,2,4,20,0,0,0.02587,0.983282,1005.5,0,0,0,0
131,6.55,0,0,0,20.2802,66666.7,1,120,2300,700,0,0,0,1.90427
131,6.55,0,0,1,20.015,0,0,0.02587,0.983232,1005.5,0,0,0,1.90427
131,6.55,0,0,2,20.0001,0,0,0.02587,0.983282,1005.5,0,0,0,0
131,6.55,0,0,3,20,0,0,0.02587,0.983282,1005.5,0,0,0,0
131,6.55,0,0,4,20,0,0,0.02587,0.983282,1005.5,0,0,0,0
131,6.55,0,1,0,20.2802,66666.7,1,120,2300,700,0,0,0,1.90427
131,6.55,0,1,1,20.015,0,0,0.02587,0.983232,1005.5,0,0,0,1.90427
131,6.55,0,1,2,20.0001,0,0,0.02587,0.983282,1005.5,0,0,0,0
131,6.55,0,1,3,20,0,0,0.02587,0.983282,1005.5,0,0,0,0
131,6.55,0,1,4,20,0,0,0.02587,0.983282,1005.5,0,0,0,0
131,6.55,0,2,0,20.2802,66666.7,1,120,2300,700,0,0,0,1.90427
131,6.55,0,2,1,20.015,0,0,0.02587,0.983232,1005.5,0,0,0,1.90427
131,6.55,0,2,2,20.0001,0,0,0.02587,0.983282,1005.5,0,0,0,0
131,6.55,0,2,3,20,0,0,0.02587,0.983282,1005.5,0,0,0,0
131,6.55,0,2,4,20,0,0,0.02587,0.983282,1005.5,0,0,0,0
131,6.55,1,0,0,20.608,227727,1,150,2700,900,0,0,0,2.30432
131,6.55,1,0,1,20.0393,0,0,0.02587,0.98315,1005.5,0,0,0,2.30432
131,6.55,1,0,2,20.0002,0,0,0.02587,0.983281,1005.5,0,0,0,0
131,6.55,1,0,3,20,0,0,0.02587,0.983282,1005.5,0,0,0,0
131,6.55,1,0,4,20,0,0,0.02587,0.983282,1005.5,0,0,0,0
131,6.55,1,1,0,20.608,227727,1,150,2700,900,0,0,0,2.30432
131,6.55,1,1,1,20.0393,0,0,0.02587,0.98315,1005.5,0,0,0,2.30432
131,6.55,1,1,2,20.0002,0,0,0.02587,0.983281,1005.5,0,0,0,0
131,6.55,1,1,3,20,0,0,0.02587,0.983282,1005.5,0,0,0,0
131,6.55,1,1,4,20,0,0,0.02587,0.983282,1005.5,0,0,0,0
131,6.55,1,2,0,20.608,227727,1,150,2700,900,0,0,0,2.30432
131,6.55,1,2,1,20.0393,0,0,0.02587,0.98315,1005.5,0,0,0,2.30432
131,6.55,1,2,2,20.0002,0,0,0.02587,0.983281,1005.5,0,0,0,0
131,6.55,1,2,3,20,0,0,0.02587,0.983282,1005.5,0,0,0,0
131,6.55,1,2,4,20,0,0,0.02587,0.983282,1005.5,0,0,0,0
131,6.55,2,0,0,20.6137,227727,1,150,2700,900,0,0,0,2.30965
131,6.55,2,0,1,20.0398,0,0,0.02587,0.983149,1005.5,0,0,0,2.30965
131,6.55,2,0,2,20.0002,0,0,0.02587,0.983281,1005.5,0,0,0,0
131,6.55,2,0,3,20,0,0,0.02587,0.983282,1005.5,0,0,0,0
131,6.55,2,0,4,20,0,0,0.02587,0.983282,1005.5,0,0,0,0
131,6.55,2,1,0,20.6137,227727,1,150,2700,900,0,0,0,2.30965
131,6.55,2,1,1,20.0398,0,0,0.02587,0.983149,1005.5,0,0,0,2.30965
131,6.55,2,1,2,20.0002,0,0,0.02587,0.983281,1005.5,0,0,0,0
131,6.55,2,1,3,20,0,0,0.02587,0.983282,1005.5,0,0,0,0
131,6.55,2,1,4,20,0,0,0.02587,0.983282,1005.5,0,0,0,0
131,6.55,2,2,0,20.6137,227727,1,150,2700,900,0,0,0,2.30965
131,6.55,2,2,1,20.0398,0,0,0.02587,0.983149,1005.5,0,0,0,2.30965
131,6.55,2,2,2,20.0002,0,0,0.02587,0.983281,1005.5,0,0,0,0
131,6.55,2,2,3,20,0,0,0.02587,0.983282,1005.5,0,0,0,0
131,6.55,2,2,4,20,0,0,0.02587,0.983282,1005.5,0,0,0,0
141,7.05,0,0,0,20.3023,66666.7,1,120,2300,700,0,0,0,1.93848
141,7.05,0,0,1,20.0177,0,0,0.02587,0.983223,1005.5,0,0,0,1.93848
141,7.05,0,0,2,20.0001,0,0,0.02587,0.983282,1005.5,0,0,0,0
141,7.05,0,0,3,20,0,0,0.02587,0.983282,1005.5,0,0,0,0
141,7.05,0,0,4,20,0,0,0.02587,0.983282,1005.5,0,0,0,0
141,7.05,0,1,0,20.3023,66666.7,1,120,2300,700,0,0,0,1.93848
141,7.05,0,1,1,20.0177,0,0,0.02587,0.983223,1005.5,0,0,0,1.93848
141,7.05,0,1,2,20.0001,0,0,0.02587,0.983282,1005.5,0,0,0,0
141,7.05,0,1,3,20,0,0,0.02587,0.983282,1005.5,0,0,0,0
141,7.05,0,1,4,20,0,0,0.02587,0.983282,1005.5,0,0,0,0
141,7.05,0,2,0,20.3023,66666.7,1,120,2300,700,0,0,0,1.93848
141,7.05,0,2,1,20.0177,0,0,0.02587,0.983223,1005.5,0,0,0,1.93848
141,7.05,0,2,2,20.0001,0,0,0.02587,0.983282,1005.5,0,0,0,0
141,7.05,0,2,3,20,0,0,0.02587,0.983282,1005.5,0,0,0,0
141,7.05,0,2,4,20,0,0,0.02587,0.983282,1005.5,0,0,0,0
141,7.05,1,0,0,20.6539,227727,1,150,2700,900,0,0,0,2.34325
141,7.05,1,0,1,20.0461,0,0,0.02587,0.983127,1005.5,0,0,0,2.34325
141,7.05,1,0,2,20.0003,0,0,0.02587,0.983281,1005.5,0,0,0,0
141,7.05,1,0,3,20,0,0,0.02587,0.983282,1005.5,0,0,0,0
141,7.05,1,0,4,20,0,0,0.02587,0.983282,1005.5,0,0,0,0
141,7.05,1,1,0,20.6539,227727,1,150,2700,900,0,0,0,2.34325
141,7.05,1,1,1,20.0461,0,0,0.02587,0.983127,1005.5,0,0,0,2.34325
141,7.05,1,1,2,20.0003,0,0,0.02587,0.983281,1005.5,0,0,0,0
141,7.05,1,1,3,20,0,0,0.02587,0.983282,1005.5,0,0,0,0
141,7.05,1,1,4,20,0,0,0.02587,0.983282,1005.5,0,0,0,0
141,7.05,1,2,0,20.6539,227727,1,150,2700,900,0,0,0,2.34325
141,7.05,1,2,1,20.0461,0,0,0.02587,0.983127,1005.5,0,0,0,2.34325
141,7.05,1,2,2,20.0003,0,0,0.02587,0.983281,1005.5,0,0,0,0
141,7.05,1,2,3,20,0,0,0.02587,0.983282,1005.5,0,0,0,0
141,7.05,1,2,4,20,0,0,0.02587,0.983282,1005.5,0,0,0,0
141,7.05,2,0,0,20.6606,227727,1,150,2700,900,0,0,0,2.34907
141,7.05,2,0,1,20.0467,0,0,0.02587,0.983126,1005.5,0,0,0,2.34907
141,7.05,2,0,2,20.0003,0,0,0.02587,0.983281,1005.5,0,0,0,0
141,7.05,2,0,3,20,0,0,0.02587,0.983282,1005.5,0,0,0,0
141,7.05,2,0,4,20,0,0,0.02587,0.983282,1005.5,0,0,0,0
141,7.05,2,1,0,20.6606,227727,1,150,2700,900,0,0,0,2.34907
141,7.05,2,1,1,20.0467,0,0,0.02587,0.983126,1005.5,0,0,0,2.34907
141,7.05,2,1,2,20.0003,0,0,0.02587,0.983281,1005.5,0,0,0,0
141,7.05,2,1,3,20,0,0,0.02587,0.983282,1005.5,0,0,0,0
141,7.05,2,1,4,20,0,0,0.02587,0.983282,1005.5,0,0,0,0
141,7.05,2,2,0,20.6606,227727,1,150,2700,900,0,0,0,2.34907
141,7.05,2,2,1,20.0467,0,0,0.02587,0.983126,1005.5,0,0,0,2.34907
141,7.05,2,2,2,20.0003,0,0,0.02587,0.983281,1005.5,0,0,0,0
141,7.05,2,2,3,20,0,0,0.02587,0.983282,1005.5,0,0,0,0
141,7.05,2,2,4,20,0,0,0.02587,0.983282,1005.5,0,0,0,0
151,7.55,0,0,0,20.3245,66666.7,1,120,2300,700,0,0,0,1.97073
151,7.55,0,0,1,20.0206,0,0,0.02587,0.983213,1005.5,0,0,0,1.97073
151,7.55,0,0,2,20.0001,0,0,0.02587,0.983282,1005.5,0,0,0,0
151,7.55,0,0,3,20,0,0,0.02587,0.983282,1005.5,0,0,0,0
151,7.55,0,0,4,20,0,0,0.02587,0.983282,1005.5,0,0,0,0
151,7.55,0,1,0,20.3245,66666.7,1,120,2300,700,0,0,0,1.97073
151,7.55,0,1,1,20.0206,0,0,0.02587,0.983213,1005.5,0,0,0,1.97073
151,7.55,0,1,2,20.0001,0,0,0.02587,0.983282,1005.5,0,0,0,0
151,7.55,0,1,3,20,0,0,0.02587,0.983282,1005.5,0,0,0,0
151,7.55,0,1,4,20,0,0,0.02587,0.983282,1005.5,0,0,0,0
151,7.55,0,2,0,20.3245,66666.7,1,120,2300,700,0,0,0,1.97073
151,7.55,0,2,1,20.0206,0,0,0.02587,0.983213,1005.5,0,0,0,1.97073
151,7.55,0,2,2,20.0001,0,0,0.02587,0.983282,1005.5,0,0,0,0
151,7.55,0,2,3,20,0,0,0.02587,0.983282,1005.5,0,0,0,0
151,7.55,0,2,4,20,0,0,0.02587,0.983282,1005.5,0,0,0,0
151,7.55,1,0,0,20.6998,227727,1,150,2700,900,0,0,0,2.37975
151,7.55,1,0,1,20.0535,0,0,0.02587,0.983103,1005.5,0,0,0,2.37975
151,7.55,1,0,2,20.0003,0,0,0.02587,0.983281,1005.5,0,0,0,0
151,7.55,1,0,3,20,0,0,0.02587,0.983282,1005.5,0,0,0,0
151,7.55,1,0,4,20,0,0,0.02587,0.983282,1005.5,0,0,0,0
151,7.55,1,1,0,20.6998,227727,1,150,2700,900,0,0,0,2.37975
151,7.55,1,1,1,20.0535,0,0,0.02587,0.983103,1005.5,0,0,0,2.37975
151,7.55,1,1,2,20.0003,0,0,0.02587,0.983281,1005.5,0,0,0,0
151,7.55,1,1,3,20,0,0,0.02587,0.983282,1005.5,0,0,0,0
151,7.55,1,1,4,20,0,0,0.02587,0.983282,1005.5,0,0,0,0
151,7.55,1,2,0,20.6998,227727,1,150,2700,900,0,0,0,2.37975
151,7.55,1,2,1,20.0535,0,0,0.02587,0.983103,1005.5,0,0,0,2.37975
151,7.55,1,2,2,20.0003,0,0,0.02587,0.983281,1005.5,0,0,0,0
151,7.55,1,2,3,20,0,0,0.02587,0.983282,1005.5,0,0,0,0
151,7.55,1,2,4,20,0,0,0.02587,0.983282,1005.5,0,0,0,0
151,7.55,2,0,0,20.7074,227727,1,150,2700,900,0,0,0,2.38605
151,7.55,2,0,1,20.0542,0,0,0.02587,0.9831,1005.5,0,0,0,2.38605
151,7.55,2,0,2,20.0003,0,0,0.02587,0.983281,1005.5,0,0,0,0
151,7.55,2,0,3,20,0,0,0.02587,0.983282,1005.5,0,0,0,0
151,7.55,2,0,4,20,0,0,0.02587,0.983282,1005.5,0,0,0,0
151,7.55,2,1,0,20.7074,227727,1,150,2700,900,0,0,0,2.38605
151,7.55,2,1,1,20.0542,0,0,0.02587,0.9831,1005.5,0,0,0,2.38605
151,7.55,2,1,2,20.0003,0,0,0.02587,0.983281,1005.5,0,0,0,0
151,7.55,2,1,3,20,0,0,0.02587,0.983282,1005.5,0,0,0,0
151,7.55,2,1,4,20,0,0,0.02587,0.983282,1005.5,0,0,0,0
151,7.55,2,2,0,20.7074,227727,1,150,2700,900,0,0,0,2.38605
151,7.55,2,2,1,20.0542,0,0,0.02587,0.9831,1005.5,0,0,0,2.38605
151,7.55,2,2,2,20.0003,0,0,0.02587,0.983281,1005.5,0,0,0,0
151,7.55,2,2,3,20,0,0,0.02587,0.983282,1005.5,0,0,0,0
151,7.55,2,2,4,20,0,0,0.02587,0.983282,1005.5,0,0,0,0
161,8.05,0,0,0,20.3468,66666.7,1,120,2300,700,0,0,0,2.00125
161,8.05,0,0,1,20.0238,0,0,0.02587,0.983202,1005.5,0,0,0,2.00125
161,8.05,0,0,2,20.0002,0,0,0.02587,0.983282,1005.5,0,0,0,0
161,8.05,0,0,3,20,0,0,0.02587,0.983282,1005.5,0,0,0,0
161,8.05,0,0,4,20,0,0,0.02587,0.983282,1005.5,0,0,0,0
161,8.05,0,1,0,20.3468,66666.7,1,120,2300,700,0,0,0,2.00125
161,8.05,0,1,1,20.0238,0,0,0.02587,0.983202,1005.5,0,0,0,2.00125
161,8.05,0,1,2,20.0002,0,0,0.02587,0.983282,1005.5,0,0,0,0
161,8.05,0,1,3,20,0,0,0.02587,0.983282,1005.5,0,0,0,0
161,8.05,0,1,4,20,0,0,0.02587,0.983282,1005.5,0,0,0,0
161,8.05,0,2,0,20.3468,66666.7,1,120,2300,700,0,0,0,2.00125
161,8.05,0,2,1,20.0238,0,0,0.02587,0.983202,1005.5,0,0,0,2.00125
161,8.05,0,2,2,20.0002,0,0,0.02587,0.983282,1005.5,0,0,0,0
161,8.05,0,2,3,20,0,0,0.02587,0.983282,1005.5,0,0,0,0
161,8.05,0,2,4,20,0,0,0.02587,0.983282,1005.5,0,0,0,0
161,8.05,1,0,0,20.7456,227727,1,150,2700,900,0,0,0,2.41409
161,8.05,1,0,1,20.0614,0,0,0.02587,0.983076,1005.5,0,0,0,2.41409
161,8.05,1,0,2,20.0004,0,0,0.02587,0.983281,1005.5,0,0,0,0
161,8.05,1,0,3,20,0,0,0.02587,0.983282,1005.5,0,0,0,0
161,8.05,1,0,4,20,0,0,0.02587,0.983282,1005.5,0,0,0,0
161,8.05,1,1,0,20.7456,227727,1,150,2700,900,0,0,0,2.41409
161,8.05,1,1,1,20.0614,0,0,0.02587,0.983076,1005.5,0,0,0,2.41409
161,8.05,1,1,2,20.0004,0,0,0.02587,0.983281,1005.5,0,0,0,0
161,8.05,1,1,3,20,0,0,0.02587,0.983282,1005.5,0,0,0,0
161,8.05,1,1,4,20,0,0,0.02587,0.983282,1005.5,0,0,0,0
161,8.05,1,2,0,20.7456,227727,1,150,2700,900,0,0,0,2.41409
161,8.05,1,2,1,20.0614,0,0,0.02587,0.983076,1005.5,0,0,0,2.41409
161,8.05,1,2,2,20.0004,0,0,0.02587,0.983281,1005.5,0,0,0,0
161,8.05,1,2,3,20,0,0,0.02587,0.983282,1005.5,0,0,0,0
161,8.05,1,2,4,20,0,0,0.02587,0.983282,1005.5,0,0,0,0
161,8.05,2,0,0,20.7542,227727,1,150,2700,900,0,0,0,2.42087
161,8.05,2,0,1,20.0623,0,0,0.02587,0.983073,1005.5,0,0,0,2.42087
161,8.05,2,0,2,20.0004,0,0,0.02587,0.983281,1005.5,0,0,0,0
161,8.05,2,0,3,20,0,0,0.02587,0.983282,1005.5,0,0,0,0
161,8.05,2,0,4,20,0,0,0.02587,0.983282,1005.5,0,0,0,0
161,8.05,2,1,0,20.7542,227727,1,150,2700,900,0,0,0,2.42087
161,8.05,2,1,1,20.0623,0,0,0.02587,0.983073,1005.5,0,0,0,2.42087
161,8.05,2,1,2,20.0004,0,0,0.02587,0.983281,1005.5,0,0,0,0
161,8.05,2,1,3,20,0,0,0.02587,0.983282,1005.5,0,0,0,0
161,8.05,2,1,4,20,0,0,0.02587,0.983282,1005.5,0,0,0,0
161,8.05,2,2,0,20.7542,227727,1,150,2700,900,0,0,0,2.42087
161,8.05,2,2,1,20.0623,0,0,0.02587,0.983073,1005.5,0,0,0,2.42087
161,8.05,2,2,2,20.0004,0,0,0.02587,0.983281,1005.5,0,0,0,0
161,8.05,2,2,3,20,0,0,0.02587,0.983282,1005.5,0,0,0,0
161,8.05,2,2,4,20,0,0,0.02587,0.983282,1005.5,0,0,0,0
171,8.55,0,0,0,20.3692,66666.7,1,120,2300,700,0,0,0,2.03021
171,8.55,0,0,1,20.0272,0,0,0.02587,0.983191,1005.5,0,0,0,2.03021
171,8.55,0,0,2,20.0002,0,0,0.02587,0.983281,1005.5,0,0,0,0
171,8.55,0,0,3,20,0,0,0.02587,0.983282,1005.5,0,0,0,0
171,8.55,0,0,4,20,0,0,0.02587,0.983282,1005.5,0,0,0,0
171,8.55,0,1,0,20.3692,66666.7,1,120,2300,700,0,0,0,2.03021
171,8.55,0,1,1,20.0272,0,0,0.02587,0.983191,1005.5,0,0,0,2.03021
171,8.55,0,1,2,20.0002,0,0,0.02587,0.983281,1005.5,0,0,0,0
171,8.55,0,1,3,20,0,0,0.02587,0.983282,1005.5,0,0,0,0
171,8.55,0,1,4,20,0,0,0.02587,0.983282,1005.5,0,0,0,0
171,8.55,0,2,0,20.3692,66666.7,1,120,2300,700,0,0,0,2.03021
171,8.55,0,2,1,20.0272,0,0,0.02587,0.983191,1005.5,0,0,0,2.03021
171,8.55,0,2,2,20.0002,0,0,0.02587,0.983281,1005.5,0,0,0,0
171,8.55,0,2,3,20,0,0,0.02587,0.983282,1005.5,0,0,0,0
171,8.55,0,2,4,20,0,0,0.02587,0.983282,1005.5,0,0,0,0
171,8.55,1,0,0,20.7914,227727,1,150,2700,900,0,0,0,2.44648
171,8.55,1,0,1,20.0699,0,0,0.02587,0.983048,1005.5,0,0,0,2.44648
171,8.55,1,0,2,20.0005,0,0,0.02587,0.98328,1005.5,0,0,0,0
171,8.55,1,0,3,20,0,0,0.02587,0.983282,1005.5,0,0,0,0
171,8.55,1,0,4,20,0,0,0.02587,0.983282,1005.5,0,0,0,0
171,8.55,1,1,0,20.7914,227727,1,150,2700,900,0,0,0,2.44648
171,8.55,1,1,1,20.0699,0,0,0.02587,0.983048,1005.5,0,0,0,2.44648
171,8.55,1,1,2,20.0005,0,0,0.02587,0.98328,1005.5,0,0,0,0
171,8.55,1,1,3,20,0,0,0.02587,0.983282,1005.5,0,0,0,0
171,8.55,1,1,4,20,0,0,0.02587,0.983282,1005.5,0,0,0,0
171,8.55,1,2,0,20.7914,227727,1,150,2700,900,0,0,0,2.44648
171,8.55,1,2,1,20.0699,0,0,0.02587,0.983048,1005.5,0,0,0,2.44648
171,8.55,1,2,2,20.0005,0,0,0.02587,0.98328,1005.5,0,0,0,0
171,8.55,1,2,3,20,0,0,0.02587,0.983282,1005.5,0,0,0,0
171,8.55,1,2,4,20,0,0,0.02587,0.983282,1005.5,0,0,0,0
171,8.55,2,0,0,20.8011,227727,1,150,2700,900,0,0,0,2.45375
171,8.55,2,0,1,20.0709,0,0,0.02587,0.983044,1005.5,0,0,0,2.45375
171,8.55,2,0,2,20.0005,0,0,0.02587,0.98328,1005.5,0,0,0,0
171,8.55,2,0,3,20,0,0,0.02587,0.983282,1005.5,0,0,0,0
171,8.55,2,0,4,20,0,0,0.02587,0.983282,1005.5,0,0,0,0
171,8.55,2,1,0,20.8011,227727,1,150,2700,900,0,0,0,2.45375
171,8.55,2,1,1,20.0709,0,0,0.02587,0.983044,1005.5,0,0,0,2.45375
171,8.55,2,1,2,20.0005,0,0,0.02587,0.98328,1005.5,0,0,0,0
171,8.55,2,1,3,20,0,0,0.02587,0.983282,1005.5,0,0,0,0
171,8.55,2,1,4,20,0,0,0.02587,0.983282,1005.5,0,0,0,0
171,8.55,2,2,0,20.8011,227727,1,150,2700,900,0,0,0,2.45375
171,8.55,2,2,1,20.0709,0,0,0.02587,0.983044,1005.5,0,0,0,2.45375
171,8.55,2,2,2,20.0005,0,0,0.02587,0.98328,1005.5,0,0,0,0
171,8.55,2,2,3,20,0,0,0.02587,0.983282,1005.5,0,0,0,0
171,8.55,2,2,4,20,0,0,0.02587,0.983282,1005.5,0,0,0,0
181,9.05,0,0,0,20.3917,66666.7,1,120,2300,700,0,0,0,2.05776
181,9.05,0,0,1,20.0308,0,0,0.02587,0.983179,1005.5,0,0,0,2.05776
181,9.05,0,0,2,20.0002,0,0,0.02587,0.983281,1005.5,0,0,0,0
181,9.05,0,0,3,20,0,0,0.02587,0.983282,1005.5,0,0,0,0
181,9.05,0,0,4,20,0,0,0.02587,0.983282,1005.5,0,0,0,0
181,9.05,0,1,0,20.3917,66666.7,1,120,2300,700,0,0,0,2.05776
181,9.05,0,1,1,20.0308,0,0,0.02587,0.983179,1005.5,0,0,0,2.05776
181,9.05,0,1,2,20.0002,0,0,0.02587,0.983281,1005.5,0,0,0,0
181,9.05,0,1,3,20,0,0,0.02587,0.983282,1005.5,0,0,0,0
181,9.05,0,1,4,20,0,0,0.02587,0.983282,1005.5,0,0,0,0
181,9.05,0,2,0,20.3917,66666.7,1,120,2300,700,0,0,0,2.05776
181,9.05,0,2,1,20.0308,0,0,0.02587,0.983179,1005.5,0,0,0,2.05776
181,9.05,0,2,2,20.0002,0,0,0.02587,0.983281,1005.5,0,0,0,0
181,9.05,0,2,3,20,0,0,0.02587,0.983282,1005.5,0,0,0,0
181,9.05,0,2,4,20,0,0,0.02587,0.983282,1005.5,0,0,0,0
181,9.05,1,0,0,20.8371,227727,1,150,2700,900,0,0,0,2.47713
181,9.05,1,0,1,20.079,0,0,0.02587,0.983017,1005.5,0,0,0,2.47713
181,9.05,1,0,2,20.0006,0,0,0.02587,0.98328,1005.5,0,0,0,0
181,9.05,1,0,3,20,0,0,0.02587,0.983282,1005.5,0,0,0,0
181,9.05,1,0,4,20,0,0,0.02587,0.983282,1005.5,0,0,0,0
181,9.05,1,1,0,20.8371,227727,1,150,2700,900,0,0,0,2.47713
181,9.05,1,1,1,20.079,0,0,0.02587,0.983017,1005.5,0,0,0,2.47713
181,9.05,1,1,2,20.0006,0,0,0.02587,0.98328,1005.5,0,0,0,0
181,9.05,1,1,3,20,0,0,0.02587,0.983282,1005.5,0,0,0,0
181,9.05,1,1,4,20,0,0,0.02587,0.983282,1005.5,0,0,0,0
181,9.05,1,2,0,20.8371,227727,1,150,2700,900,0,0,0,2.47713
181,9.05,1,2,1,20.079,0,0,0.02587,0.983017,1005.5,0,0,0,2.47713
181,9.05,1,2,2,20.0006,0,0,0.02587,0.98328,1005.5,0,0,0,0
181,9.05,1,2,3,20,0,0,0.02587,0.983282,1005.5,0,0,0,0
181,9.05,1,2,4,20,0,0,0.02587,0.983282,1005.5,0,0,0,0
181,9.05,2,0,0,20.8479,227727,1,150,2700,900,0,0,0,2.48488
181,9.05,2,0,1,20.0802,0,0,0.02587,0.983013,1005.5,0,0,0,2.48488
181,9.05,2,0,2,20.0006,0,0,0.02587,0.98328,1005.5,0,0,0,0
181,9.05,2,0,3,20,0,0,0.02587,0.983282,1005.5,0,0,0,0
181,9.05,2,0,4,20,0,0,0.02587,0.983282,1005.5,0,0,0,0
181,9.05,2,1,0,20.8479,227727,1,150,2700,900,0,0,0,2.48488
181,9.05,2,1,1,20.0802,0,0,0.02587,0.983013,1005.5,0,0,0,2.48488
181,9.05,2,1,2,20.0006,0,0,0.02587,0.98328,1005.5,0,0,0,0
181,9.05,2,1,3,20,0,0,0.02587,0.983282,1005.5,0,0,0,0
181,9.05,2,1,4,20,0,0,0.02587,0.983282,1005.5,0,0,0,0
181,9.05,2,2,0,20.8479,227727,1,150,2700,900,0,0,0,2.48488
181,9.05,2,2,1,20.0802,0,0,0.02587,0.983013,1005.5,0,0,0,2.48488
181,9.05,2,2,2,20.0006,0,0,0.02587,0.98328,1005.5,0,0,0,0
181,9.05,2,2,3,20,0,0,0.02587,0.983282,1005.5,0,0,0,0
181,9.05,2,2,4,20,0,0,0.02587,0.983282,1005.5,0,0,0,0
191,9.55,0,0,0,20.4143,66666.7,1,120,2300,700,0,0,0,2.08404
191,9.55,0,0,1,20.0347,0,0,0.02587,0.983166,1005.5,0,0,0,2.08404
191,9.55,0,0,2,20.0003,0,0,0.02587,0.983281,1005.5,0,0,0,0
191,9.55,0,0,3,20,0,0,0.02587,0.983282,1005.5,0,0,0,0
191,9.55,0,0,4,20,0,0,0.02587,0.983282,1005.5,0,0,0,0
191,9.55,0,1,0,20.4143,66666.7,1,120,2300,700,0,0,0,2.08404
191,9.55,0,1,1,20.0347,0,0,0.02587,0.983166,1005.5,0,0,0,2.08404
191,9.55,0,1,2,20.0003,0,0,0.02587,0.983281,1005.5,0,0,0,0
191,9.55,0,1,3,20,0,0,0.02587,0.983282,1005.5,0,0,0,0
191,9.55,0,1,4,20,0,0,0.02587,0.983282,1005.5,0,0,0,0
191,9.55,0,2,0,20.4143,66666.7,1,120,2300,700,0,0,0,2.08404
191,9.55,0,2,1,20.0347,0,0,0.02587,0.983166,1005.5,0,0,0,2.08404
191,9.55,0,2,2,20.0003,0,0,0.02587,0.983281,1005.5,0,0,0,0
191,9.55,0,2,3,20,0,0,0.02587,0.983282,1005.5,0,0,0,0
191,9.55,0,2,4,20,0,0,0.02587,0.983282,1005.5,0,0,0,0
191,9.55,1,0,0,20.8827,227727,1,150,2700,900,0,0,0,2.50619
191,9.55,1,0,1,20.0885,0,0,0.02587,0.982985,1005.5,0,0,0,2.50619
191,9.55,1,0,2,20.0007,0,0,0.02587,0.98328,1005.5,0,0,0,0
191,9.55,1,0,3,20,0,0,0.02587,0.983282,1005.5,0,0,0,0
191,9.55,1,0,4,20,0,0,0.02587,0.983282,1005.5,0,0,0,0
191,9.55,1,1,0,20.8827,227727,1,150,2700,900,0,0,0,2.50619
191,9.55,1,1,1,20.0885,0,0,0.02587,0.982985,1005.5,0,0,0,2.50619
191,9.55,1,1,2,20.0007,0,0,0.02587,0.98328,1005.5,0,0,0,0
191,9.55,1,1,3,20,0,0,0.02587,0.983282,1005.5,0,0,0,0
191,9.55,1,1,4,20,0,0,0.02587,0.983282,1005.5,0,0,0,0
191,9.55,1,2,0,20.8827,227727,1,150,2700,900,0,0,0,2.50619
191,9.55,1,2,1,20.0885,0,0,0.02587,0.982985,1005.5,0,0,0,2.50619
191,9.55,1,2,2,20.0007,0,0,0.02587,0.98328,1005.5,0,0,0,0
191,9.55,1,2,3,20,0,0,0.02587,0.983282,1005.5,0,0,0,0
191,9.55,1,2,4,20,0,0,0.02587,0.983282,1005.5,0,0,0,0
191,9.55,2,0,0,20.8947,227727,1,150,2700,900,0,0,0,2.51442
191,9.55,2,0,1,20.09,0,0,0.02587,0.98298,1005.5,0,0,0,2.51442
191,9.55,2,0,2,20.0007,0,0,0.02587,0.98328,1005.5,0,0,0,0
191,9.55,2,0,3,20,0,0,0.02587,0.983282,1005.5,0,0,0,0
191,9.55,2,0,4,20,0,0,0.02587,0.983282,1005.5,0,0,0,0
191,9.55,2,1,0,20.8947,227727,1,150,2700,900,0,0,0,2.51442
191,9.55,2,1,1,20.09,0,0,0.02587,0.98298,1005.5,0,0,0,2.51442
191,9.55,2,1,2,20.0007,0,0,0.02587,0.98328,1005.5,0,0,0,0
191,9.55,2,1,3,20,0,0,0.02587,0.983282,1005.5,0,0,0,0
191,9.55,2,1,4,20,0,0,0.02587,0.983282,1005.5,0,0,0,0
191,9.55,2,2,0,20.8947,227727,1,150,2700,900,0,0,0,2.51442
191,9.55,2,2,1,20.09,0,0,0.02587,0.98298,1005.5,0,0,0,2.51442
191,9.55,2,2,2,20.0007,0,0,0.02587,0.98328,1005.5,0,0,0,0
191,9.55,2,2,3,20,0,0,0.02587,0.983282,1005.5,0,0,0,0
191,9.55,2,2,4,20,0,0,0.02587,0.983282,1005.5,0,0,0,0
