step,time,requested_x,requested_y,requested_z,i,j,k,T,pressure,velocity_magnitude
0,0,0.22,0.22,0.3,4,4,13,20,0,0
0,0,0.22,0.22,0.3,4,4,13,20,0,0
1,0.05,0.22,0.22,0.3,4,4,13,20,-0.002846,0.0325261
2,0.1,0.22,0.22,0.3,4,4,13,20,0,0
3,0.15,0.22,0.22,0.3,4,4,13,20,-0.002846,0.0325261
4,0.2,0.22,0.22,0.3,4,4,13,20,0,0
5,0.25,0.22,0.22,0.3,4,4,13,20,-0.002846,0.0325261
6,0.3,0.22,0.22,0.3,4,4,13,20,0,0
7,0.35,0.22,0.22,0.3,4,4,13,20,-0.002846,0.0325261
8,0.4,0.22,0.22,0.3,4,4,13,20,0,0
9,0.45,0.22,0.22,0.3,4,4,13,20,-0.002846,0.0325261
10,0.5,0.22,0.22,0.3,4,4,13,20,0,0
11,0.55,0.22,0.22,0.3,4,4,13,20,-0.00280925,0.0324792
12,0.6,0.22,0.22,0.3,4,4,13,20,0,0
13,0.65,0.22,0.22,0.3,4,4,13,20,-0.00280925,0.0324792
14,0.7,0.22,0.22,0.3,4,4,13,20,0,0
15,0.75,0.22,0.22,0.3,4,4,13,20,-0.00280925,0.0324792
16,0.8,0.22,0.22,0.3,4,4,13,20,0,0
17,0.85,0.22,0.22,0.3,4,4,13,20,-0.00280925,0.0324792
18,0.9,0.22,0.22,0.3,4,4,13,20,0,0
19,0.95,0.22,0.22,0.3,4,4,13,20,-0.00280925,0.0324792
20,1,0.22,0.22,0.3,4,4,13,20,0,0
21,1.05,0.22,0.22,0.3,4,4,13,20,-0.00280925,0.0324792
22,1.1,0.22,0.22,0.3,4,4,13,20,0,0
23,1.15,0.22,0.22,0.3,4,4,13,20,-0.00280925,0.0324792
24,1.2,0.22,0.22,0.3,4,4,13,20,0,0
25,1.25,0.22,0.22,0.3,4,4,13,20,-0.00280925,0.0324792
26,1.3,0.22,0.22,0.3,4,4,13,20,0,0
27,1.35,0.22,0.22,0.3,4,4,13,20,-0.00280925,0.0324792
28,1.4,0.22,0.22,0.3,4,4,13,20,0,0
29,1.45,0.22,0.22,0.3,4,4,13,20,-0.00280925,0.0324792
30,1.5,0.22,0.22,0.3,4,4,13,20,0,0
31,1.55,0.22,0.22,0.3,4,4,13,20,-0.00280925,0.0324792
32,1.6,0.22,0.22,0.3,4,4,13,20,0,0
33,1.65,0.22,0.22,0.3,4,4,13,20,-0.00280925,0.0324792
34,1.7,0.22,0.22,0.3,4,4,13,20,0,0
35,1.75,0.22,0.22,0.3,4,4,13,20,-0.00280925,0.0324792
36,1.8,0.22,0.22,0.3,4,4,13,20,0,0
37,1.85,0.22,0.22,0.3,4,4,13,20,-0.00280925,0.0324792
38,1.9,0.22,0.22,0.3,4,4,13,20,0,0
39,1.95,0.22,0.22,0.3,4,4,13,20,-0.00280925,0.0324792
40,2,0.22,0.22,0.3,4,4,13,20,0,0
41,2.05,0.22,0.22,0.3,4,4,13,20,-0.00280925,0.0324792
42,2.1,0.22,0.22,0.3,4,4,13,20,0,0
43,2.15,0.22,0.22,0.3,4,4,13,20,-0.00280925,0.0324792
44,2.2,0.22,0.22,0.3,4,4,13,20,0,0
45,2.25,0.22,0.22,0.3,4,4,13,20,-0.00280925,0.0324792
46,2.3,0.22,0.22,0.3,4,4,13,20,0,0
47,2.35,0.22,0.22,0.3,4,4,13,20,-0.00280925,0.0324792
48,2.4,0.22,0.22,0.3,4,4,13,20,0,0
49,2.45,0.22,0.22,0.3,4,4,13,20,-0.00280925,0.0324792
50,2.5,0.22,0.22,0.3,4,4,13,20,0,0
51,2.55,0.22,0.22,0.3,4,4,13,20,-0.00280925,0.0324792
52,2.6,0.22,0.22,0.3,4,4,13,20,0,0
53,2.65,0.22,0.22,0.3,4,4,13,20,-0.00280925,0.0324792
54,2.7,0.22,0.22,0.3,4,4,13,20,0,0
55,2.75,0.22,0.22,0.3,4,4,13,20,-0.00280925,0.0324792
56,2.8,0.22,0.22,0.3,4,4,13,20,0,0
57,2.85,0.22,0.22,0.3,4,4,13,20,-0.00280925,0.0324792
58,2.9,0.22,0.22,0.3,4,4,13,20,0,0
59,2.95,0.22,0.22,0.3,4,4,13,20,-0.00280925,0.0324792
60,3,0.22,0.22,0.3,4,4,13,20,0,0
61,3.05,0.22,0.22,0.3,4,4,13,20,-0.00280925,0.0324792
62,3.1,0.22,0.22,0.3,4,4,13,20,0,0
63,3.15,0.22,0.22,0.3,4,4,13,20,-0.00280925,0.0324792
64,3.2,0.22,0.22,0.3,4,4,13,20,0,0
65,3.25,0.22,0.22,0.3,4,4,13,20,-0.00280925,0.0324792
66,3.3,0.22,0.22,0.3,4,4,13,20,0,0
67,3.35,0.22,0.22,0.3,4,4,13,20,-0.00280925,0.0324792
68,3.4,0.22,0.22,0.3,4,4,13,20,0,0
69,3.45,0.22,0.22,0.3,4,4,13,20,-0.00280925,0.0324792
70,3.5,0.22,0.22,0.3,4,4,13,20,0,0
71,3.55,0.22,0.22,0.3,4,4,13,20,-0.00280925,0.0324792
72,3.6,0.22,0.22,0.3,4,4,13,20,0,0
73,3.65,0.22,0.22,0.3,4,4,13,20,-0.00280925,0.0324792
74,3.7,0.22,0.22,0.3,4,4,13,20,0,0
75,3.75,0.22,0.22,0.3,4,4,13,20,-0.00280925,0.0324792
76,3.8,0.22,0.22,0.3,4,4,13,20,0,0
77,3.85,0.22,0.22,0.3,4,4,13,20,-0.00280925,0.0324792
78,3.9,0.22,0.22,0.3,4,4,13,20,0,0
79,3.95,0.22,0.22,0.3,4,4,13,20,-0.00280925,0.0324792
80,4,0.22,0.22,0.3,4,4,13,20,0,0
81,4.05,0.22,0.22,0.3,4,4,13,20,-0.00280925,0.0324792
82,4.1,0.22,0.22,0.3,4,4,13,20,0,0
83,4.15,0.22,0.22,0.3,4,4,13,20,-0.00280925,0.0324792
84,4.2,0.22,0.22,0.3,4,4,13,20,0,0
85,4.25,0.22,0.22,0.3,4,4,13,20,-0.00280925,0.0324792
86,4.3,0.22,0.22,0.3,4,4,13,20,0,0
87,4.35,0.22,0.22,0.3,4,4,13,20,-0.00280925,0.0324792
88,4.4,0.22,0.22,0.3,4,4,13,20,0,0
89,4.45,0.22,0.22,0.3,4,4,13,20,-0.00280925,0.0324792
90,4.5,0.22,0.22,0.3,4,4,13,20,0,0
91,4.55,0.22,0.22,0.3,4,4,13,20,-0.00280924,0.0324792
92,4.6,0.22,0.22,0.3,4,4,13,20,0,0
93,4.65,0.22,0.22,0.3,4,4,13,20,-0.00280924,0.0324792
94,4.7,0.22,0.22,0.3,4,4,13,20,0,0
95,4.75,0.22,0.22,0.3,4,4,13,20,-0.00280924,0.0324792
96,4.8,0.22,0.22,0.3,4,4,13,20,0,0
97,4.85,0.22,0.22,0.3,4,4,13,20,-0.00280924,0.0324792
98,4.9,0.22,0.22,0.3,4,4,13,20,0,0
99,4.95,0.22,0.22,0.3,4,4,13,20,-0.00280924,0.0324792
100,5,0.22,0.22,0.3,4,4,13,20,0,0
101,5.05,0.22,0.22,0.3,4,4,13,20,-0.00280924,0.0324792
102,5.1,0.22,0.22,0.3,4,4,13,20,0,0
103,5.15,0.22,0.22,0.3,4,4,13,20,-0.00280924,0.0324792
104,5.2,0.22,0.22,0.3,4,4,13,20,0,0
105,5.25,0.22,0.22,0.3,4,4,13,20,-0.00280924,0.0324792
106,5.3,0.22,0.22,0.3,4,4,13,20,0,0
107,5.35,0.22,0.22,0.3,4,4,13,20,-0.00280924,0.0324792
108,5.4,0.22,0.22,0.3,4,4,13,20,0,0
109,5.45,0.22,0.22,0.3,4,4,13,20,-0.00280924,0.0324792
110,5.5,0.22,0.22,0.3,4,4,13,20,0,0
111,5.55,0.22,0.22,0.3,4,4,13,20,-0.00280924,0.0324792
112,5.6,0.22,0.22,0.3,4,4,13,20,0,0
113,5.65,0.22,0.22,0.3,4,4,13,20,-0.00280924,0.0324792
114,5.7,0.22,0.22,0.3,4,4,13,20,0,0
115,5.75,0.22,0.22,0.3,4,4,13,20,-0.00280924,0.0324792
116,5.8,0.22,0.22,0.3,4,4,13,20,0,0
117,5.85,0.22,0.22,0.3,4,4,13,20,-0.00280924,0.0324792
118,5.9,0.22,0.22,0.3,4,4,13,20,0,0
119,5.95,0.22,0.22,0.3,4,4,13,20,-0.00280924,0.0324792
120,6,0.22,0.22,0.3,4,4,13,20,0,0
121,6.05,0.22,0.22,0.3,4,4,13,20,-0.00280924,0.0324792
122,6.1,0.22,0.22,0.3,4,4,13,20,0,0
123,6.15,0.22,0.22,0.3,4,4,13,20,-0.00280924,0.0324792
124,6.2,0.22,0.22,0.3,4,4,13,20,0,0
125,6.25,0.22,0.22,0.3,4,4,13,20,-0.00280924,0.0324792
126,6.3,0.22,0.22,0.3,4,4,13,20,0,0
127,6.35,0.22,0.22,0.3,4,4,13,20,-0.00280924,0.0324792
128,6.4,0.22,0.22,0.3,4,4,13,20,0,0
129,6.45,0.22,0.22,0.3,4,4,13,20,-0.00280924,0.0324792
130,6.5,0.22,0.22,0.3,4,4,13,20,0,0
131,6.55,0.22,0.22,0.3,4,4,13,20,-0.00280923,0.0324792
132,6.6,0.22,0.22,0.3,4,4,13,20,0,0
133,6.65,0.22,0.22,0.3,4,4,13,20,-0.00280923,0.0324792
134,6.7,0.22,0.22,0.3,4,4,13,20,0,0
135,6.75,0.22,0.22,0.3,4,4,13,20,-0.00280923,0.0324792
136,6.8,0.22,0.22,0.3,4,4,13,20,0,0
137,6.85,0.22,0.22,0.3,4,4,13,20,-0.00280923,0.0324792
138,6.9,0.22,0.22,0.3,4,4,13,20,0,0
139,6.95,0.22,0.22,0.3,4,4,13,20,-0.00280923,0.0324792
140,7,0.22,0.22,0.3,4,4,13,20,0,0
141,7.05,0.22,0.22,0.3,4,4,13,20,-0.00280923,0.0324792
142,7.1,0.22,0.22,0.3,4,4,13,20,0,0
143,7.15,0.22,0.22,0.3,4,4,13,20,-0.00280923,0.0324792
144,7.2,0.22,0.22,0.3,4,4,13,20,0,0
145,7.25,0.22,0.22,0.3,4,4,13,20,-0.00280923,0.0324792
146,7.3,0.22,0.22,0.3,4,4,13,20,0,0
147,7.35,0.22,0.22,0.3,4,4,13,20,-0.00280923,0.0324792
148,7.4,0.22,0.22,0.3,4,4,13,20,0,0
149,7.45,0.22,0.22,0.3,4,4,13,20,-0.00280923,0.0324792
150,7.5,0.22,0.22,0.3,4,4,13,20,0,0
151,7.55,0.22,0.22,0.3,4,4,13,20,-0.00280923,0.0324792
152,7.6,0.22,0.22,0.3,4,4,13,20,0,0
153,7.65,0.22,0.22,0.3,4,4,13,20,-0.00280923,0.0324792
154,7.7,0.22,0.22,0.3,4,4,13,20,0,0
155,7.75,0.22,0.22,0.3,4,4,13,20,-0.00280923,0.0324792
156,7.8,0.22,0.22,0.3,4,4,13,20,0,0
157,7.85,0.22,0.22,0.3,4,4,13,20,-0.00280923,0.0324792
158,7.9,0.22,0.22,0.3,4,4,13,20,0,0
159,7.95,0.22,0.22,0.3,4,4,13,20,-0.00280923,0.0324792
160,8,0.22,0.22,0.3,4,4,13,20,0,0
161,8.05,0.22,0.22,0.3,4,4,13,20,-0.00280922,0.0324792
162,8.1,0.22,0.22,0.3,4,4,13,20,0,0
163,8.15,0.22,0.22,0.3,4,4,13,20,-0.00280922,0.0324792
164,8.2,0.22,0.22,0.3,4,4,13,20,0,0
165,8.25,0.22,0.22,0.3,4,4,13,20,-0.00280922,0.0324792
166,8.3,0.22,0.22,0.3,4,4,13,20,0,0
167,8.35,0.22,0.22,0.3,4,4,13,20,-0.00280922,0.0324792
168,8.4,0.22,0.22,0.3,4,4,13,20,0,0
169,8.45,0.22,0.22,0.3,4,4,13,20,-0.00280922,0.0324792
170,8.5,0.22,0.22,0.3,4,4,13,20,0,0
171,8.55,0.22,0.22,0.3,4,4,13,20,-0.00280921,0.0324793
172,8.6,0.22,0.22,0.3,4,4,13,20,0,0
173,8.65,0.22,0.22,0.3,4,4,13,20,-0.00280921,0.0324793
174,8.7,0.22,0.22,0.3,4,4,13,20,0,0
175,8.75,0.22,0.22,0.3,4,4,13,20,-0.00280921,0.0324793
176,8.8,0.22,0.22,0.3,4,4,13,20,0,0
177,8.85,0.22,0.22,0.3,4,4,13,20,-0.00280921,0.0324793
178,8.9,0.22,0.22,0.3,4,4,13,20,0,0
179,8.95,0.22,0.22,0.3,4,4,13,20,-0.00280921,0.0324793
180,9,0.22,0.22,0.3,4,4,13,20,0,0
181,9.05,0.22,0.22,0.3,4,4,13,20,-0.00280921,0.0324793
182,9.1,0.22,0.22,0.3,4,4,13,20,0,0
183,9.15,0.22,0.22,0.3,4,4,13,20,-0.00280921,0.0324793
184,9.2,0.22,0.22,0.3,4,4,13,20,0,0
185,9.25,0.22,0.22,0.3,4,4,13,20,-0.00280921,0.0324793
186,9.3,0.22,0.22,0.3,4,4,13,20,0,0
187,9.35,0.22,0.22,0.3,4,4,13,20,-0.00280921,0.0324793
188,9.4,0.22,0.22,0.3,4,4,13,20,0,0
189,9.45,0.22,0.22,0.3,4,4,13,20,-0.00280921,0.0324793
190,9.5,0.22,0.22,0.3,4,4,13,20,0,0
191,9.55,0.22,0.22,0.3,4,4,13,20,-0.00280921,0.0324793
192,9.6,0.22,0.22,0.3,4,4,13,20,0,0
193,9.65,0.22,0.22,0.3,4,4,13,20,-0.00280921,0.0324793
194,9.7,0.22,0.22,0.3,4,4,13,20,0,0
195,9.75,0.22,0.22,0.3,4,4,13,20,-0.00280921,0.0324793
196,9.8,0.22,0.22,0.3,4,4,13,20,0,0
197,9.85,0.22,0.22,0.3,4,4,13,20,-0.00280921,0.0324793
198,9.9,0.22,0.22,0.3,4,4,13,20,0,0
199,9.95,0.22,0.22,0.3,4,4,13,20,-0.00280921,0.0324793
200,10,0.22,0.22,0.3,4,4,13,20,0,0
201,10.05,0.22,0.22,0.3,4,4,13,20,-0.0028092,0.0324793
202,10.1,0.22,0.22,0.3,4,4,13,20,0,0
203,10.15,0.22,0.22,0.3,4,4,13,20,-0.0028092,0.0324793
204,10.2,0.22,0.22,0.3,4,4,13,20,0,0
205,10.25,0.22,0.22,0.3,4,4,13,20,-0.0028092,0.0324793
206,10.3,0.22,0.22,0.3,4,4,13,20,0,0
207,10.35,0.22,0.22,0.3,4,4,13,20,-0.0028092,0.0324793
208,10.4,0.22,0.22,0.3,4,4,13,20,0,0
209,10.45,0.22,0.22,0.3,4,4,13,20,-0.0028092,0.0324793
210,10.5,0.22,0.22,0.3,4,4,13,20,0,0
211,10.55,0.22,0.22,0.3,4,4,13,20,-0.0028092,0.0324793
212,10.6,0.22,0.22,0.3,4,4,13,20,0,0
213,10.65,0.22,0.22,0.3,4,4,13,20,-0.0028092,0.0324793
214,10.7,0.22,0.22,0.3,4,4,13,20,0,0
215,10.75,0.22,0.22,0.3,4,4,13,20,-0.0028092,0.0324793
216,10.8,0.22,0.22,0.3,4,4,13,20,0,0
217,10.85,0.22,0.22,0.3,4,4,13,20,-0.0028092,0.0324793
218,10.9,0.22,0.22,0.3,4,4,13,20,0,0
219,10.95,0.22,0.22,0.3,4,4,13,20,-0.0028092,0.0324793
220,11,0.22,0.22,0.3,4,4,13,20,0,0
221,11.05,0.22,0.22,0.3,4,4,13,20,-0.0028092,0.0324793
222,11.1,0.22,0.22,0.3,4,4,13,20,0,0
223,11.15,0.22,0.22,0.3,4,4,13,20,-0.0028092,0.0324793
224,11.2,0.22,0.22,0.3,4,4,13,20,0,0
225,11.25,0.22,0.22,0.3,4,4,13,20,-0.0028092,0.0324793
226,11.3,0.22,0.22,0.3,4,4,13,20,0,0
227,11.35,0.22,0.22,0.3,4,4,13,20,-0.0028092,0.0324793
228,11.4,0.22,0.22,0.3,4,4,13,20,0,0
229,11.45,0.22,0.22,0.3,4,4,13,20,-0.0028092,0.0324793
230,11.5,0.22,0.22,0.3,4,4,13,20,0,0
231,11.55,0.22,0.22,0.3,4,4,13,20,-0.00280919,0.0324793
232,11.6,0.22,0.22,0.3,4,4,13,20,0,0
233,11.65,0.22,0.22,0.3,4,4,13,20,-0.00280919,0.0324793
234,11.7,0.22,0.22,0.3,4,4,13,20,0,0
235,11.75,0.22,0.22,0.3,4,4,13,20,-0.00280919,0.0324793
236,11.8,0.22,0.22,0.3,4,4,13,20,0,0
237,11.85,0.22,0.22,0.3,4,4,13,20,-0.00280919,0.0324793
238,11.9,0.22,0.22,0.3,4,4,13,20,0,0
239,11.95,0.22,0.22,0.3,4,4,13,20,-0.00280919,0.0324793
240,12,0.22,0.22,0.3,4,4,13,20,0,0
241,12.05,0.22,0.22,0.3,4,4,13,20,-0.00280919,0.0324793
242,12.1,0.22,0.22,0.3,4,4,13,20,0,0
243,12.15,0.22,0.22,0.3,4,4,13,20,-0.00280919,0.0324793
244,12.2,0.22,0.22,0.3,4,4,13,20,0,0
245,12.25,0.22,0.22,0.3,4,4,13,20,-0.00280919,0.0324793
246,12.3,0.22,0.22,0.3,4,4,13,20,0,0
247,12.35,0.22,0.22,0.3,4,4,13,20,-0.00280919,0.0324793
248,12.4,0.22,0.22,0.3,4,4,13,20,0,0
249,12.45,0.22,0.22,0.3,4,4,13,20,-0.00280919,0.0324793
250,12.5,0.22,0.22,0.3,4,4,13,20,0,0
251,12.55,0.22,0.22,0.3,4,4,13,20,-0.00280919,0.0324793
252,12.6,0.22,0.22,0.3,4,4,13,20,0,0
253,12.65,0.22,0.22,0.3,4,4,13,20,-0.00280919,0.0324793
254,12.7,0.22,0.22,0.3,4,4,13,20,0,0
255,12.75,0.22,0.22,0.3,4,4,13,20,-0.00280919,0.0324793
256,12.8,0.22,0.22,0.3,4,4,13,20,0,0
257,12.85,0.22,0.22,0.3,4,4,13,20,-0.00280919,0.0324793
258,12.9,0.22,0.22,0.3,4,4,13,20,0,0
259,12.95,0.22,0.22,0.3,4,4,13,20,-0.00280919,0.0324793
260,13,0.22,0.22,0.3,4,4,13,20,0,0
261,13.05,0.22,0.22,0.3,4,4,13,20,-0.00280919,0.0324793
262,13.1,0.22,0.22,0.3,4,4,13,20,0,0
263,13.15,0.22,0.22,0.3,4,4,13,20,-0.00280919,0.0324793
264,13.2,0.22,0.22,0.3,4,4,13,20,0,0
265,13.25,0.22,0.22,0.3,4,4,13,20,-0.00280919,0.0324793
266,13.3,0.22,0.22,0.3,4,4,13,20,0,0
267,13.35,0.22,0.22,0.3,4,4,13,20,-0.00280919,0.0324793
268,13.4,0.22,0.22,0.3,4,4,13,20,0,0
269,13.45,0.22,0.22,0.3,4,4,13,20,-0.00280919,0.0324793
270,13.5,0.22,0.22,0.3,4,4,13,20,0,0
271,13.55,0.22,0.22,0.3,4,4,13,20,-0.00280918,0.0324793
272,13.6,0.22,0.22,0.3,4,4,13,20,0,0
273,13.65,0.22,0.22,0.3,4,4,13,20,-0.00280918,0.0324793
274,13.7,0.22,0.22,0.3,4,4,13,20,0,0
275,13.75,0.22,0.22,0.3,4,4,13,20,-0.00280918,0.0324793
276,13.8,0.22,0.22,0.3,4,4,13,20,0,0
277,13.85,0.22,0.22,0.3,4,4,13,20,-0.00280918,0.0324793
278,13.9,0.22,0.22,0.3,4,4,13,20,0,0
279,13.95,0.22,0.22,0.3,4,4,13,20,-0.00280918,0.0324793
280,14,0.22,0.22,0.3,4,4,13,20,0,0
281,14.05,0.22,0.22,0.3,4,4,13,20,-0.00280918,0.0324793
282,14.1,0.22,0.22,0.3,4,4,13,20,0,0
283,14.15,0.22,0.22,0.3,4,4,13,20,-0.00280918,0.0324793
284,14.2,0.22,0.22,0.3,4,4,13,20,0,0
285,14.25,0.22,0.22,0.3,4,4,13,20,-0.00280918,0.0324793
286,14.3,0.22,0.22,0.3,4,4,13,20,0,0
287,14.35,0.22,0.22,0.3,4,4,13,20,-0.00280918,0.0324793
288,14.4,0.22,0.22,0.3,4,4,13,20,0,0
289,14.45,0.22,0.22,0.3,4,4,13,20,-0.00280918,0.0324793
290,14.5,0.22,0.22,0.3,4,4,13,20,0,0
291,14.55,0.22,0.22,0.3,4,4,13,20,-0.00280918,0.0324793
292,14.6,0.22,0.22,0.3,4,4,13,20,0,0
293,14.65,0.22,0.22,0.3,4,4,13,20,-0.00280918,0.0324793
294,14.7,0.22,0.22,0.3,4,4,13,20,0,0
295,14.75,0.22,0.22,0.3,4,4,13,20,-0.00280918,0.0324793
296,14.8,0.22,0.22,0.3,4,4,13,20,0,0
297,14.85,0.22,0.22,0.3,4,4,13,20,-0.00280918,0.0324793
298,14.9,0.22,0.22,0.3,4,4,13,20,0,0
299,14.95,0.22,0.22,0.3,4,4,13,20,-0.00280918,0.0324793
300,15,0.22,0.22,0.3,4,4,13,20,0,0
301,15.05,0.22,0.22,0.3,4,4,13,20,-0.00280917,0.0324793
302,15.1,0.22,0.22,0.3,4,4,13,20,0,0
303,15.15,0.22,0.22,0.3,4,4,13,20,-0.00280917,0.0324793
304,15.2,0.22,0.22,0.3,4,4,13,20,0,0
305,15.25,0.22,0.22,0.3,4,4,13,20,-0.00280917,0.0324793
306,15.3,0.22,0.22,0.3,4,4,13,20,0,0
307,15.35,0.22,0.22,0.3,4,4,13,20,-0.00280917,0.0324793
308,15.4,0.22,0.22,0.3,4,4,13,20,0,0
309,15.45,0.22,0.22,0.3,4,4,13,20,-0.00280917,0.0324793
310,15.5,0.22,0.22,0.3,4,4,13,20,0,0
311,15.55,0.22,0.22,0.3,4,4,13,20,-0.00280917,0.0324794
312,15.6,0.22,0.22,0.3,4,4,13,20,0,0
313,15.65,0.22,0.22,0.3,4,4,13,20,-0.00280917,0.0324794
314,15.7,0.22,0.22,0.3,4,4,13,20,0,0
315,15.75,0.22,0.22,0.3,4,4,13,20,-0.00280917,0.0324794
316,15.8,0.22,0.22,0.3,4,4,13,20,0,0
317,15.85,0.22,0.22,0.3,4,4,13,20,-0.00280917,0.0324794
318,15.9,0.22,0.22,0.3,4,4,13,20,0,0
319,15.95,0.22,0.22,0.3,4,4,13,20,-0.00280917,0.0324794
320,16,0.22,0.22,0.3,4,4,13,20,0,0
321,16.05,0.22,0.22,0.3,4,4,13,20,-0.00280917,0.0324794
322,16.1,0.22,0.22,0.3,4,4,13,20,0,0
323,16.15,0.22,0.22,0.3,4,4,13,20,-0.00280917,0.0324794
324,16.2,0.22,0.22,0.3,4,4,13,20,0,0
325,16.25,0.22,0.22,0.3,4,4,13,20,-0.00280917,0.0324794
326,16.3,0.22,0.22,0.3,4,4,13,20,0,0
327,16.35,0.22,0.22,0.3,4,4,13,20,-0.00280917,0.0324794
328,16.4,0.22,0.22,0.3,4,4,13,20,0,0
329,16.45,0.22,0.22,0.3,4,4,13,20,-0.00280917,0.0324794
330,16.5,0.22,0.22,0.3,4,4,13,20,0,0
331,16.55,0.22,0.22,0.3,4,4,13,20,-0.00280917,0.0324794
332,16.6,0.22,0.22,0.3,4,4,13,20,0,0
333,16.65,0.22,0.22,0.3,4,4,13,20,-0.00280917,0.0324794
334,16.7,0.22,0.22,0.3,4,4,13,20,0,0
335,16.75,0.22,0.22,0.3,4,4,13,20,-0.00280917,0.0324794
336,16.8,0.22,0.22,0.3,4,4,13,20,0,0
337,16.85,0.22,0.22,0.3,4,4,13,20,-0.00280917,0.0324794
338,16.9,0.22,0.22,0.3,4,4,13,20,0,0
339,16.95,0.22,0.22,0.3,4,4,13,20,-0.00280917,0.0324794
340,17,0.22,0.22,0.3,4,4,13,20,0,0
341,17.05,0.22,0.22,0.3,4,4,13,20,-0.00280917,0.0324794
342,17.1,0.22,0.22,0.3,4,4,13,20,0,0
343,17.15,0.22,0.22,0.3,4,4,13,20,-0.00280917,0.0324794
344,17.2,0.22,0.22,0.3,4,4,13,20,0,0
345,17.25,0.22,0.22,0.3,4,4,13,20,-0.00280917,0.0324794
346,17.3,0.22,0.22,0.3,4,4,13,20,0,0
347,17.35,0.22,0.22,0.3,4,4,13,20,-0.00280917,0.0324794
348,17.4,0.22,0.22,0.3,4,4,13,20,0,0
349,17.45,0.22,0.22,0.3,4,4,13,20,-0.00280917,0.0324794
350,17.5,0.22,0.22,0.3,4,4,13,20,0,0
351,17.55,0.22,0.22,0.3,4,4,13,20,-0.00280917,0.0324794
352,17.6,0.22,0.22,0.3,4,4,13,20,0,0
353,17.65,0.22,0.22,0.3,4,4,13,20,-0.00280917,0.0324794
354,17.7,0.22,0.22,0.3,4,4,13,20,0,0
355,17.75,0.22,0.22,0.3,4,4,13,20,-0.00280917,0.0324794
356,17.8,0.22,0.22,0.3,4,4,13,20,0,0
357,17.85,0.22,0.22,0.3,4,4,13,20,-0.00280917,0.0324794
358,17.9,0.22,0.22,0.3,4,4,13,20,0,0
359,17.95,0.22,0.22,0.3,4,4,13,20,-0.00280917,0.0324794
360,18,0.22,0.22,0.3,4,4,13,20,0,0
361,18.05,0.22,0.22,0.3,4,4,13,20,-0.00280917,0.0324794
362,18.1,0.22,0.22,0.3,4,4,13,20,0,0
363,18.15,0.22,0.22,0.3,4,4,13,20,-0.00280917,0.0324794
364,18.2,0.22,0.22,0.3,4,4,13,20,0,0
365,18.25,0.22,0.22,0.3,4,4,13,20,-0.00280917,0.0324794
366,18.3,0.22,0.22,0.3,4,4,13,20,0,0
367,18.35,0.22,0.22,0.3,4,4,13,20,-0.00280917,0.0324794
368,18.4,0.22,0.22,0.3,4,4,13,20,0,0
369,18.45,0.22,0.22,0.3,4,4,13,20,-0.00280917,0.0324794
370,18.5,0.22,0.22,0.3,4,4,13,20,0,0
371,18.55,0.22,0.22,0.3,4,4,13,20,-0.00280916,0.0324794
372,18.6,0.22,0.22,0.3,4,4,13,20,0,0
373,18.65,0.22,0.22,0.3,4,4,13,20,-0.00280916,0.0324794
374,18.7,0.22,0.22,0.3,4,4,13,20.0001,0,0
375,18.75,0.22,0.22,0.3,4,4,13,20.0001,-0.00280916,0.0324794
376,18.8,0.22,0.22,0.3,4,4,13,20.0001,0,0
377,18.85,0.22,0.22,0.3,4,4,13,20.0001,-0.00280916,0.0324794
378,18.9,0.22,0.22,0.3,4,4,13,20.0001,0,0
379,18.95,0.22,0.22,0.3,4,4,13,20.0001,-0.00280916,0.0324794
380,19,0.22,0.22,0.3,4,4,13,20.0001,0,0
381,19.05,0.22,0.22,0.3,4,4,13,20.0001,-0.00280916,0.0324794
382,19.1,0.22,0.22,0.3,4,4,13,20.0001,0,0
383,19.15,0.22,0.22,0.3,4,4,13,20.0001,-0.00280916,0.0324794
384,19.2,0.22,0.22,0.3,4,4,13,20.0001,0,0
385,19.25,0.22,0.22,0.3,4,4,13,20.0001,-0.00280916,0.0324794
386,19.3,0.22,0.22,0.3,4,4,13,20.0001,0,0
387,19.35,0.22,0.22,0.3,4,4,13,20.0001,-0.00280916,0.0324794
388,19.4,0.22,0.22,0.3,4,4,13,20.0001,0,0
389,19.45,0.22,0.22,0.3,4,4,13,20.0001,-0.00280916,0.0324794
390,19.5,0.22,0.22,0.3,4,4,13,20.0001,0,0
391,19.55,0.22,0.22,0.3,4,4,13,20.0001,-0.00280916,0.0324794
392,19.6,0.22,0.22,0.3,4,4,13,20.0001,0,0
393,19.65,0.22,0.22,0.3,4,4,13,20.0001,-0.00280916,0.0324794
394,19.7,0.22,0.22,0.3,4,4,13,20.0001,0,0
395,19.75,0.22,0.22,0.3,4,4,13,20.0001,-0.00280916,0.0324794
396,19.8,0.22,0.22,0.3,4,4,13,20.0001,0,0
397,19.85,0.22,0.22,0.3,4,4,13,20.0001,-0.00280916,0.0324794
398,19.9,0.22,0.22,0.3,4,4,13,20.0001,0,0
399,19.95,0.22,0.22,0.3,4,4,13,20.0001,-0.00280916,0.0324794
400,20,0.22,0.22,0.3,4,4,13,20.0001,0,0
401,20.05,0.22,0.22,0.3,4,4,13,20.0001,-0.00280916,0.0324794
402,20.1,0.22,0.22,0.3,4,4,13,20.0001,0,0
403,20.15,0.22,0.22,0.3,4,4,13,20.0001,-0.00280916,0.0324794
404,20.2,0.22,0.22,0.3,4,4,13,20.0001,0,0
405,20.25,0.22,0.22,0.3,4,4,13,20.0001,-0.00280916,0.0324794
406,20.3,0.22,0.22,0.3,4,4,13,20.0001,0,0
407,20.35,0.22,0.22,0.3,4,4,13,20.0001,-0.00280916,0.0324794
408,20.4,0.22,0.22,0.3,4,4,13,20.0001,0,0
409,20.45,0.22,0.22,0.3,4,4,13,20.0001,-0.00280916,0.0324794
410,20.5,0.22,0.22,0.3,4,4,13,20.0001,0,0
411,20.55,0.22,0.22,0.3,4,4,13,20.0001,-0.00280916,0.0324795
412,20.6,0.22,0.22,0.3,4,4,13,20.0001,0,0
413,20.65,0.22,0.22,0.3,4,4,13,20.0001,-0.00280916,0.0324795
414,20.7,0.22,0.22,0.3,4,4,13,20.0001,0,0
415,20.75,0.22,0.22,0.3,4,4,13,20.0001,-0.00280916,0.0324795
416,20.8,0.22,0.22,0.3,4,4,13,20.0001,0,0
417,20.85,0.22,0.22,0.3,4,4,13,20.0001,-0.00280916,0.0324795
418,20.9,0.22,0.22,0.3,4,4,13,20.0001,0,0
419,20.95,0.22,0.22,0.3,4,4,13,20.0001,-0.00280916,0.0324795
420,21,0.22,0.22,0.3,4,4,13,20.0001,0,0
421,21.05,0.22,0.22,0.3,4,4,13,20.0001,-0.00280917,0.0324795
422,21.1,0.22,0.22,0.3,4,4,13,20.0001,0,0
423,21.15,0.22,0.22,0.3,4,4,13,20.0001,-0.00280917,0.0324795
424,21.2,0.22,0.22,0.3,4,4,13,20.0001,0,0
425,21.25,0.22,0.22,0.3,4,4,13,20.0001,-0.00280917,0.0324795
426,21.3,0.22,0.22,0.3,4,4,13,20.0001,0,0
427,21.35,0.22,0.22,0.3,4,4,13,20.0001,-0.00280917,0.0324795
428,21.4,0.22,0.22,0.3,4,4,13,20.0001,0,0
429,21.45,0.22,0.22,0.3,4,4,13,20.0001,-0.00280917,0.0324795
430,21.5,0.22,0.22,0.3,4,4,13,20.0001,0,0
431,21.55,0.22,0.22,0.3,4,4,13,20.0001,-0.00280917,0.0324795
432,21.6,0.22,0.22,0.3,4,4,13,20.0001,0,0
433,21.65,0.22,0.22,0.3,4,4,13,20.0001,-0.00280917,0.0324795
434,21.7,0.22,0.22,0.3,4,4,13,20.0001,0,0
435,21.75,0.22,0.22,0.3,4,4,13,20.0001,-0.00280917,0.0324795
436,21.8,0.22,0.22,0.3,4,4,13,20.0001,0,0
437,21.85,0.22,0.22,0.3,4,4,13,20.0001,-0.00280917,0.0324795
438,21.9,0.22,0.22,0.3,4,4,13,20.0002,0,0
439,21.95,0.22,0.22,0.3,4,4,13,20.0002,-0.00280917,0.0324795
440,22,0.22,0.22,0.3,4,4,13,20.0002,0,0
441,22.05,0.22,0.22,0.3,4,4,13,20.0002,-0.00280917,0.0324795
442,22.1,0.22,0.22,0.3,4,4,13,20.0002,0,0
443,22.15,0.22,0.22,0.3,4,4,13,20.0002,-0.00280917,0.0324795
444,22.2,0.22,0.22,0.3,4,4,13,20.0002,0,0
445,22.25,0.22,0.22,0.3,4,4,13,20.0002,-0.00280917,0.0324795
446,22.3,0.22,0.22,0.3,4,4,13,20.0002,0,0
447,22.35,0.22,0.22,0.3,4,4,13,20.0002,-0.00280917,0.0324795
448,22.4,0.22,0.22,0.3,4,4,13,20.0002,0,0
449,22.45,0.22,0.22,0.3,4,4,13,20.0002,-0.00280917,0.0324795
450,22.5,0.22,0.22,0.3,4,4,13,20.0002,0,0
451,22.55,0.22,0.22,0.3,4,4,13,20.0002,-0.00280917,0.0324795
452,22.6,0.22,0.22,0.3,4,4,13,20.0002,0,0
453,22.65,0.22,0.22,0.3,4,4,13,20.0002,-0.00280917,0.0324795
454,22.7,0.22,0.22,0.3,4,4,13,20.0002,0,0
455,22.75,0.22,0.22,0.3,4,4,13,20.0002,-0.00280917,0.0324795
456,22.8,0.22,0.22,0.3,4,4,13,20.0002,0,0
457,22.85,0.22,0.22,0.3,4,4,13,20.0002,-0.00280917,0.0324795
458,22.9,0.22,0.22,0.3,4,4,13,20.0002,0,0
459,22.95,0.22,0.22,0.3,4,4,13,20.0002,-0.00280917,0.0324795
460,23,0.22,0.22,0.3,4,4,13,20.0002,0,0
461,23.05,0.22,0.22,0.3,4,4,13,20.0002,-0.00280917,0.0324795
462,23.1,0.22,0.22,0.3,4,4,13,20.0002,0,0
463,23.15,0.22,0.22,0.3,4,4,13,20.0002,-0.00280917,0.0324795
464,23.2,0.22,0.22,0.3,4,4,13,20.0002,0,0
465,23.25,0.22,0.22,0.3,4,4,13,20.0002,-0.00280917,0.0324795
466,23.3,0.22,0.22,0.3,4,4,13,20.0002,0,0
467,23.35,0.22,0.22,0.3,4,4,13,20.0002,-0.00280917,0.0324795
468,23.4,0.22,0.22,0.3,4,4,13,20.0002,0,0
469,23.45,0.22,0.22,0.3,4,4,13,20.0002,-0.00280917,0.0324795
470,23.5,0.22,0.22,0.3,4,4,13,20.0002,0,0
471,23.55,0.22,0.22,0.3,4,4,13,20.0002,-0.00280917,0.0324795
472,23.6,0.22,0.22,0.3,4,4,13,20.0002,0,0
473,23.65,0.22,0.22,0.3,4,4,13,20.0002,-0.00280917,0.0324795
474,23.7,0.22,0.22,0.3,4,4,13,20.0002,0,0
475,23.75,0.22,0.22,0.3,4,4,13,20.0002,-0.00280917,0.0324795
476,23.8,0.22,0.22,0.3,4,4,13,20.0003,0,0
477,23.85,0.22,0.22,0.3,4,4,13,20.0003,-0.00280917,0.0324795
478,23.9,0.22,0.22,0.3,4,4,13,20.0003,0,0
479,23.95,0.22,0.22,0.3,4,4,13,20.0003,-0.00280917,0.0324795
480,24,0.22,0.22,0.3,4,4,13,20.0003,0,0
481,24.05,0.22,0.22,0.3,4,4,13,20.0003,-0.00280918,0.0324795
482,24.1,0.22,0.22,0.3,4,4,13,20.0003,0,0
483,24.15,0.22,0.22,0.3,4,4,13,20.0003,-0.00280918,0.0324795
484,24.2,0.22,0.22,0.3,4,4,13,20.0003,0,0
485,24.25,0.22,0.22,0.3,4,4,13,20.0003,-0.00280918,0.0324795
486,24.3,0.22,0.22,0.3,4,4,13,20.0003,0,0
487,24.35,0.22,0.22,0.3,4,4,13,20.0003,-0.00280918,0.0324795
488,24.4,0.22,0.22,0.3,4,4,13,20.0003,0,0
489,24.45,0.22,0.22,0.3,4,4,13,20.0003,-0.00280918,0.0324795
490,24.5,0.22,0.22,0.3,4,4,13,20.0003,0,0
491,24.55,0.22,0.22,0.3,4,4,13,20.0003,-0.00280918,0.0324795
492,24.6,0.22,0.22,0.3,4,4,13,20.0003,0,0
493,24.65,0.22,0.22,0.3,4,4,13,20.0003,-0.00280918,0.0324795
494,24.7,0.22,0.22,0.3,4,4,13,20.0003,0,0
495,24.75,0.22,0.22,0.3,4,4,13,20.0003,-0.00280918,0.0324795
496,24.8,0.22,0.22,0.3,4,4,13,20.0003,0,0
497,24.85,0.22,0.22,0.3,4,4,13,20.0003,-0.00280918,0.0324795
498,24.9,0.22,0.22,0.3,4,4,13,20.0003,0,0
499,24.95,0.22,0.22,0.3,4,4,13,20.0003,-0.00280918,0.0324795
500,25,0.22,0.22,0.3,4,4,13,20.0003,0,0
501,25.05,0.22,0.22,0.3,4,4,13,20.0003,-0.00280918,0.0324796
502,25.1,0.22,0.22,0.3,4,4,13,20.0004,0,0
503,25.15,0.22,0.22,0.3,4,4,13,20.0004,-0.00280918,0.0324796
504,25.2,0.22,0.22,0.3,4,4,13,20.0004,0,0
505,25.25,0.22,0.22,0.3,4,4,13,20.0004,-0.00280918,0.0324796
506,25.3,0.22,0.22,0.3,4,4,13,20.0004,0,0
507,25.35,0.22,0.22,0.3,4,4,13,20.0004,-0.00280918,0.0324796
508,25.4,0.22,0.22,0.3,4,4,13,20.0004,0,0
509,25.45,0.22,0.22,0.3,4,4,13,20.0004,-0.00280918,0.0324796
510,25.5,0.22,0.22,0.3,4,4,13,20.0004,0,0
511,25.55,0.22,0.22,0.3,4,4,13,20.0004,-0.00280918,0.0324796
512,25.6,0.22,0.22,0.3,4,4,13,20.0004,0,0
513,25.65,0.22,0.22,0.3,4,4,13,20.0004,-0.00280918,0.0324796
514,25.7,0.22,0.22,0.3,4,4,13,20.0004,0,0
515,25.75,0.22,0.22,0.3,4,4,13,20.0004,-0.00280918,0.0324796
516,25.8,0.22,0.22,0.3,4,4,13,20.0004,0,0
517,25.85,0.22,0.22,0.3,4,4,13,20.0004,-0.00280918,0.0324796
518,25.9,0.22,0.22,0.3,4,4,13,20.0004,0,0
519,25.95,0.22,0.22,0.3,4,4,13,20.0004,-0.00280918,0.0324796
520,26,0.22,0.22,0.3,4,4,13,20.0004,0,0
521,26.05,0.22,0.22,0.3,4,4,13,20.0004,-0.00280919,0.0324796
522,26.1,0.22,0.22,0.3,4,4,13,20.0004,0,0
523,26.15,0.22,0.22,0.3,4,4,13,20.0004,-0.00280919,0.0324796
524,26.2,0.22,0.22,0.3,4,4,13,20.0005,0,0
525,26.25,0.22,0.22,0.3,4,4,13,20.0005,-0.00280919,0.0324796
526,26.3,0.22,0.22,0.3,4,4,13,20.0005,0,0
527,26.35,0.22,0.22,0.3,4,4,13,20.0005,-0.00280919,0.0324796
528,26.4,0.22,0.22,0.3,4,4,13,20.0005,0,0
529,26.45,0.22,0.22,0.3,4,4,13,20.0005,-0.00280919,0.0324796
530,26.5,0.22,0.22,0.3,4,4,13,20.0005,0,0
531,26.55,0.22,0.22,0.3,4,4,13,20.0005,-0.00280919,0.0324796
532,26.6,0.22,0.22,0.3,4,4,13,20.0005,0,0
533,26.65,0.22,0.22,0.3,4,4,13,20.0005,-0.00280919,0.0324796
534,26.7,0.22,0.22,0.3,4,4,13,20.0005,0,0
535,26.75,0.22,0.22,0.3,4,4,13,20.0005,-0.00280919,0.0324796
536,26.8,0.22,0.22,0.3,4,4,13,20.0005,0,0
537,26.85,0.22,0.22,0.3,4,4,13,20.0005,-0.00280919,0.0324796
538,26.9,0.22,0.22,0.3,4,4,13,20.0005,0,0
539,26.95,0.22,0.22,0.3,4,4,13,20.0005,-0.00280919,0.0324796
540,27,0.22,0.22,0.3,4,4,13,20.0005,0,0
541,27.05,0.22,0.22,0.3,4,4,13,20.0005,-0.00280919,0.0324796
542,27.1,0.22,0.22,0.3,4,4,13,20.0006,0,0
543,27.15,0.22,0.22,0.3,4,4,13,20.0006,-0.00280919,0.0324796
544,27.2,0.22,0.22,0.3,4,4,13,20.0006,0,0
545,27.25,0.22,0.22,0.3,4,4,13,20.0006,-0.00280919,0.0324796
546,27.3,0.22,0.22,0.3,4,4,13,20.0006,0,0
547,27.35,0.22,0.22,0.3,4,4,13,20.0006,-0.00280919,0.0324796
548,27.4,0.22,0.22,0.3,4,4,13,20.0006,0,0
549,27.45,0.22,0.22,0.3,4,4,13,20.0006,-0.00280919,0.0324796
550,27.5,0.22,0.22,0.3,4,4,13,20.0006,0,0
551,27.55,0.22,0.22,0.3,4,4,13,20.0006,-0.0028092,0.0324796
552,27.6,0.22,0.22,0.3,4,4,13,20.0006,0,0
553,27.65,0.22,0.22,0.3,4,4,13,20.0006,-0.0028092,0.0324796
554,27.7,0.22,0.22,0.3,4,4,13,20.0006,0,0
555,27.75,0.22,0.22,0.3,4,4,13,20.0006,-0.0028092,0.0324796
556,27.8,0.22,0.22,0.3,4,4,13,20.0006,0,0
557,27.85,0.22,0.22,0.3,4,4,13,20.0006,-0.0028092,0.0324796
558,27.9,0.22,0.22,0.3,4,4,13,20.0006,0,0
559,27.95,0.22,0.22,0.3,4,4,13,20.0006,-0.0028092,0.0324796
560,28,0.22,0.22,0.3,4,4,13,20.0007,0,0
561,28.05,0.22,0.22,0.3,4,4,13,20.0007,-0.0028092,0.0324796
562,28.1,0.22,0.22,0.3,4,4,13,20.0007,0,0
563,28.15,0.22,0.22,0.3,4,4,13,20.0007,-0.0028092,0.0324796
564,28.2,0.22,0.22,0.3,4,4,13,20.0007,0,0
565,28.25,0.22,0.22,0.3,4,4,13,20.0007,-0.0028092,0.0324796
566,28.3,0.22,0.22,0.3,4,4,13,20.0007,0,0
567,28.35,0.22,0.22,0.3,4,4,13,20.0007,-0.0028092,0.0324796
568,28.4,0.22,0.22,0.3,4,4,13,20.0007,0,0
569,28.45,0.22,0.22,0.3,4,4,13,20.0007,-0.0028092,0.0324796
570,28.5,0.22,0.22,0.3,4,4,13,20.0007,0,0
571,28.55,0.22,0.22,0.3,4,4,13,20.0007,-0.0028092,0.0324796
572,28.6,0.22,0.22,0.3,4,4,13,20.0007,0,0
573,28.65,0.22,0.22,0.3,4,4,13,20.0007,-0.0028092,0.0324796
574,28.7,0.22,0.22,0.3,4,4,13,20.0008,0,0
575,28.75,0.22,0.22,0.3,4,4,13,20.0008,-0.0028092,0.0324796
576,28.8,0.22,0.22,0.3,4,4,13,20.0008,0,0
577,28.85,0.22,0.22,0.3,4,4,13,20.0008,-0.0028092,0.0324796
578,28.9,0.22,0.22,0.3,4,4,13,20.0008,0,0
579,28.95,0.22,0.22,0.3,4,4,13,20.0008,-0.0028092,0.0324796
580,29,0.22,0.22,0.3,4,4,13,20.0008,0,0
581,29.05,0.22,0.22,0.3,4,4,13,20.0008,-0.00280921,0.0324797
582,29.1,0.22,0.22,0.3,4,4,13,20.0008,0,0
583,29.15,0.22,0.22,0.3,4,4,13,20.0008,-0.00280921,0.0324797
584,29.2,0.22,0.22,0.3,4,4,13,20.0008,0,0
585,29.25,0.22,0.22,0.3,4,4,13,20.0008,-0.00280921,0.0324797
586,29.3,0.22,0.22,0.3,4,4,13,20.0008,0,0
587,29.35,0.22,0.22,0.3,4,4,13,20.0008,-0.00280921,0.0324797
588,29.4,0.22,0.22,0.3,4,4,13,20.0009,0,0
589,29.45,0.22,0.22,0.3,4,4,13,20.0009,-0.00280921,0.0324797
590,29.5,0.22,0.22,0.3,4,4,13,20.0009,0,0
591,29.55,0.22,0.22,0.3,4,4,13,20.0009,-0.00280921,0.0324797
592,29.6,0.22,0.22,0.3,4,4,13,20.0009,0,0
593,29.65,0.22,0.22,0.3,4,4,13,20.0009,-0.00280921,0.0324797
594,29.7,0.22,0.22,0.3,4,4,13,20.0009,0,0
595,29.75,0.22,0.22,0.3,4,4,13,20.0009,-0.00280921,0.0324797
596,29.8,0.22,0.22,0.3,4,4,13,20.0009,0,0
597,29.85,0.22,0.22,0.3,4,4,13,20.0009,-0.00280921,0.0324797
598,29.9,0.22,0.22,0.3,4,4,13,20.0009,0,0
599,29.95,0.22,0.22,0.3,4,4,13,20.0009,-0.00280921,0.0324797
600,30,0.22,0.22,0.3,4,4,13,20.001,0,0
601,30.05,0.22,0.22,0.3,4,4,13,20.001,-0.00280921,0.0324797
602,30.1,0.22,0.22,0.3,4,4,13,20.001,0,0
603,30.15,0.22,0.22,0.3,4,4,13,20.001,-0.00280921,0.0324797
604,30.2,0.22,0.22,0.3,4,4,13,20.001,0,0
605,30.25,0.22,0.22,0.3,4,4,13,20.001,-0.00280921,0.0324797
606,30.3,0.22,0.22,0.3,4,4,13,20.001,0,0
607,30.35,0.22,0.22,0.3,4,4,13,20.001,-0.00280921,0.0324797
608,30.4,0.22,0.22,0.3,4,4,13,20.001,0,0
609,30.45,0.22,0.22,0.3,4,4,13,20.001,-0.00280921,0.0324797
610,30.5,0.22,0.22,0.3,4,4,13,20.001,0,0
611,30.55,0.22,0.22,0.3,4,4,13,20.001,-0.00280922,0.0324797
612,30.6,0.22,0.22,0.3,4,4,13,20.0011,0,0
613,30.65,0.22,0.22,0.3,4,4,13,20.0011,-0.00280922,0.0324797
614,30.7,0.22,0.22,0.3,4,4,13,20.0011,0,0
615,30.75,0.22,0.22,0.3,4,4,13,20.0011,-0.00280922,0.0324797
616,30.8,0.22,0.22,0.3,4,4,13,20.0011,0,0
617,30.85,0.22,0.22,0.3,4,4,13,20.0011,-0.00280922,0.0324797
618,30.9,0.22,0.22,0.3,4,4,13,20.0011,0,0
619,30.95,0.22,0.22,0.3,4,4,13,20.0011,-0.00280922,0.0324797
620,31,0.22,0.22,0.3,4,4,13,20.0011,0,0
621,31.05,0.22,0.22,0.3,4,4,13,20.0011,-0.00280922,0.0324797
622,31.1,0.22,0.22,0.3,4,4,13,20.0012,0,0
623,31.15,0.22,0.22,0.3,4,4,13,20.0012,-0.00280922,0.0324797
624,31.2,0.22,0.22,0.3,4,4,13,20.0012,0,0
625,31.25,0.22,0.22,0.3,4,4,13,20.0012,-0.00280922,0.0324797
626,31.3,0.22,0.22,0.3,4,4,13,20.0012,0,0
627,31.35,0.22,0.22,0.3,4,4,13,20.0012,-0.00280922,0.0324797
628,31.4,0.22,0.22,0.3,4,4,13,20.0012,0,0
629,31.45,0.22,0.22,0.3,4,4,13,20.0012,-0.00280922,0.0324797
630,31.5,0.22,0.22,0.3,4,4,13,20.0012,0,0
631,31.55,0.22,0.22,0.3,4,4,13,20.0012,-0.00280922,0.0324797
632,31.6,0.22,0.22,0.3,4,4,13,20.0013,0,0
633,31.65,0.22,0.22,0.3,4,4,13,20.0013,-0.00280922,0.0324797
634,31.7,0.22,0.22,0.3,4,4,13,20.0013,0,0
635,31.75,0.22,0.22,0.3,4,4,13,20.0013,-0.00280922,0.0324797
636,31.8,0.22,0.22,0.3,4,4,13,20.0013,0,0
637,31.85,0.22,0.22,0.3,4,4,13,20.0013,-0.00280922,0.0324797
638,31.9,0.22,0.22,0.3,4,4,13,20.0013,0,0
639,31.95,0.22,0.22,0.3,4,4,13,20.0013,-0.00280922,0.0324797
640,32,0.22,0.22,0.3,4,4,13,20.0013,0,0
641,32.05,0.22,0.22,0.3,4,4,13,20.0013,-0.00280923,0.0324797
642,32.1,0.22,0.22,0.3,4,4,13,20.0014,0,0
643,32.15,0.22,0.22,0.3,4,4,13,20.0014,-0.00280923,0.0324797
644,32.2,0.22,0.22,0.3,4,4,13,20.0014,0,0
645,32.25,0.22,0.22,0.3,4,4,13,20.0014,-0.00280923,0.0324797
646,32.3,0.22,0.22,0.3,4,4,13,20.0014,0,0
647,32.35,0.22,0.22,0.3,4,4,13,20.0014,-0.00280923,0.0324797
648,32.4,0.22,0.22,0.3,4,4,13,20.0014,0,0
649,32.45,0.22,0.22,0.3,4,4,13,20.0014,-0.00280923,0.0324797
650,32.5,0.22,0.22,0.3,4,4,13,20.0014,0,0
651,32.55,0.22,0.22,0.3,4,4,13,20.0014,-0.00280923,0.0324798
652,32.6,0.22,0.22,0.3,4,4,13,20.0015,0,0
653,32.65,0.22,0.22,0.3,4,4,13,20.0015,-0.00280923,0.0324798
654,32.7,0.22,0.22,0.3,4,4,13,20.0015,0,0
655,32.75,0.22,0.22,0.3,4,4,13,20.0015,-0.00280923,0.0324798
656,32.8,0.22,0.22,0.3,4,4,13,20.0015,0,0
657,32.85,0.22,0.22,0.3,4,4,13,20.0015,-0.00280923,0.0324798
658,32.9,0.22,0.22,0.3,4,4,13,20.0015,0,0
659,32.95,0.22,0.22,0.3,4,4,13,20.0015,-0.00280923,0.0324798
660,33,0.22,0.22,0.3,4,4,13,20.0016,0,0
661,33.05,0.22,0.22,0.3,4,4,13,20.0016,-0.00280923,0.0324798
662,33.1,0.22,0.22,0.3,4,4,13,20.0016,0,0
663,33.15,0.22,0.22,0.3,4,4,13,20.0016,-0.00280923,0.0324798
664,33.2,0.22,0.22,0.3,4,4,13,20.0016,0,0
665,33.25,0.22,0.22,0.3,4,4,13,20.0016,-0.00280923,0.0324798
666,33.3,0.22,0.22,0.3,4,4,13,20.0016,0,0
667,33.35,0.22,0.22,0.3,4,4,13,20.0016,-0.00280923,0.0324798
668,33.4,0.22,0.22,0.3,4,4,13,20.0016,0,0
669,33.45,0.22,0.22,0.3,4,4,13,20.0017,-0.00280923,0.0324798
670,33.5,0.22,0.22,0.3,4,4,13,20.0017,0,0
671,33.55,0.22,0.22,0.3,4,4,13,20.0017,-0.00280924,0.0324798
672,33.6,0.22,0.22,0.3,4,4,13,20.0017,0,0
673,33.65,0.22,0.22,0.3,4,4,13,20.0017,-0.00280924,0.0324798
674,33.7,0.22,0.22,0.3,4,4,13,20.0017,0,0
675,33.75,0.22,0.22,0.3,4,4,13,20.0017,-0.00280924,0.0324798
676,33.8,0.22,0.22,0.3,4,4,13,20.0017,0,0
677,33.85,0.22,0.22,0.3,4,4,13,20.0017,-0.00280924,0.0324798
678,33.9,0.22,0.22,0.3,4,4,13,20.0018,0,0
679,33.95,0.22,0.22,0.3,4,4,13,20.0018,-0.00280924,0.0324798
680,34,0.22,0.22,0.3,4,4,13,20.0018,0,0
681,34.05,0.22,0.22,0.3,4,4,13,20.0018,-0.00280924,0.0324798
682,34.1,0.22,0.22,0.3,4,4,13,20.0018,0,0
683,34.15,0.22,0.22,0.3,4,4,13,20.0018,-0.00280924,0.0324798
684,34.2,0.22,0.22,0.3,4,4,13,20.0018,0,0
685,34.25,0.22,0.22,0.3,4,4,13,20.0018,-0.00280924,0.0324798
686,34.3,0.22,0.22,0.3,4,4,13,20.0019,0,0
687,34.35,0.22,0.22,0.3,4,4,13,20.0019,-0.00280924,0.0324798
688,34.4,0.22,0.22,0.3,4,4,13,20.0019,0,0
689,34.45,0.22,0.22,0.3,4,4,13,20.0019,-0.00280924,0.0324798
690,34.5,0.22,0.22,0.3,4,4,13,20.0019,0,0
691,34.55,0.22,0.22,0.3,4,4,13,20.0019,-0.00280924,0.0324798
692,34.6,0.22,0.22,0.3,4,4,13,20.0019,0,0
693,34.65,0.22,0.22,0.3,4,4,13,20.002,-0.00280924,0.0324798
694,34.7,0.22,0.22,0.3,4,4,13,20.002,0,0
695,34.75,0.22,0.22,0.3,4,4,13,20.002,-0.00280924,0.0324798
696,34.8,0.22,0.22,0.3,4,4,13,20.002,0,0
697,34.85,0.22,0.22,0.3,4,4,13,20.002,-0.00280924,0.0324798
698,34.9,0.22,0.22,0.3,4,4,13,20.002,0,0
699,34.95,0.22,0.22,0.3,4,4,13,20.002,-0.00280924,0.0324798
700,35,0.22,0.22,0.3,4,4,13,20.0021,0,0
701,35.05,0.22,0.22,0.3,4,4,13,20.0021,-0.00280925,0.0324798
702,35.1,0.22,0.22,0.3,4,4,13,20.0021,0,0
703,35.15,0.22,0.22,0.3,4,4,13,20.0021,-0.00280925,0.0324798
704,35.2,0.22,0.22,0.3,4,4,13,20.0021,0,0
705,35.25,0.22,0.22,0.3,4,4,13,20.0021,-0.00280925,0.0324798
706,35.3,0.22,0.22,0.3,4,4,13,20.0021,0,0
707,35.35,0.22,0.22,0.3,4,4,13,20.0021,-0.00280925,0.0324798
708,35.4,0.22,0.22,0.3,4,4,13,20.0022,0,0
709,35.45,0.22,0.22,0.3,4,4,13,20.0022,-0.00280925,0.0324798
710,35.5,0.22,0.22,0.3,4,4,13,20.0022,0,0
711,35.55,0.22,0.22,0.3,4,4,13,20.0022,-0.00280925,0.0324799
712,35.6,0.22,0.22,0.3,4,4,13,20.0022,0,0
713,35.65,0.22,0.22,0.3,4,4,13,20.0022,-0.00280925,0.0324799
714,35.7,0.22,0.22,0.3,4,4,13,20.0023,0,0
715,35.75,0.22,0.22,0.3,4,4,13,20.0023,-0.00280925,0.0324799
716,35.8,0.22,0.22,0.3,4,4,13,20.0023,0,0
717,35.85,0.22,0.22,0.3,4,4,13,20.0023,-0.00280925,0.0324799
718,35.9,0.22,0.22,0.3,4,4,13,20.0023,0,0
719,35.95,0.22,0.22,0.3,4,4,13,20.0023,-0.00280925,0.0324799
720,36,0.22,0.22,0.3,4,4,13,20.0023,0,0
721,36.05,0.22,0.22,0.3,4,4,13,20.0023,-0.00280925,0.0324799
722,36.1,0.22,0.22,0.3,4,4,13,20.0024,0,0
723,36.15,0.22,0.22,0.3,4,4,13,20.0024,-0.00280925,0.0324799
724,36.2,0.22,0.22,0.3,4,4,13,20.0024,0,0
725,36.25,0.22,0.22,0.3,4,4,13,20.0024,-0.00280925,0.0324799
726,36.3,0.22,0.22,0.3,4,4,13,20.0024,0,0
727,36.35,0.22,0.22,0.3,4,4,13,20.0024,-0.00280925,0.0324799
728,36.4,0.22,0.22,0.3,4,4,13,20.0025,0,0
729,36.45,0.22,0.22,0.3,4,4,13,20.0025,-0.00280925,0.0324799
730,36.5,0.22,0.22,0.3,4,4,13,20.0025,0,0
731,36.55,0.22,0.22,0.3,4,4,13,20.0025,-0.00280925,0.0324799
732,36.6,0.22,0.22,0.3,4,4,13,20.0025,0,0
733,36.65,0.22,0.22,0.3,4,4,13,20.0025,-0.00280925,0.0324799
734,36.7,0.22,0.22,0.3,4,4,13,20.0026,0,0
735,36.75,0.22,0.22,0.3,4,4,13,20.0026,-0.00280925,0.0324799
736,36.8,0.22,0.22,0.3,4,4,13,20.0026,0,0
737,36.85,0.22,0.22,0.3,4,4,13,20.0026,-0.00280925,0.0324799
738,36.9,0.22,0.22,0.3,4,4,13,20.0026,0,0
739,36.95,0.22,0.22,0.3,4,4,13,20.0026,-0.00280925,0.0324799
740,37,0.22,0.22,0.3,4,4,13,20.0026,0,0
741,37.05,0.22,0.22,0.3,4,4,13,20.0026,-0.00280926,0.0324799
742,37.1,0.22,0.22,0.3,4,4,13,20.0027,0,0
743,37.15,0.22,0.22,0.3,4,4,13,20.0027,-0.00280926,0.0324799
744,37.2,0.22,0.22,0.3,4,4,13,20.0027,0,0
745,37.25,0.22,0.22,0.3,4,4,13,20.0027,-0.00280926,0.0324799
746,37.3,0.22,0.22,0.3,4,4,13,20.0027,0,0
747,37.35,0.22,0.22,0.3,4,4,13,20.0027,-0.00280926,0.0324799
748,37.4,0.22,0.22,0.3,4,4,13,20.0028,0,0
749,37.45,0.22,0.22,0.3,4,4,13,20.0028,-0.00280926,0.0324799
750,37.5,0.22,0.22,0.3,4,4,13,20.0028,0,0
751,37.55,0.22,0.22,0.3,4,4,13,20.0028,-0.00280926,0.0324799
752,37.6,0.22,0.22,0.3,4,4,13,20.0028,0,0
753,37.65,0.22,0.22,0.3,4,4,13,20.0028,-0.00280926,0.0324799
754,37.7,0.22,0.22,0.3,4,4,13,20.0029,0,0
755,37.75,0.22,0.22,0.3,4,4,13,20.0029,-0.00280926,0.0324799
756,37.8,0.22,0.22,0.3,4,4,13,20.0029,0,0
757,37.85,0.22,0.22,0.3,4,4,13,20.0029,-0.00280926,0.0324799
758,37.9,0.22,0.22,0.3,4,4,13,20.0029,0,0
759,37.95,0.22,0.22,0.3,4,4,13,20.0029,-0.00280926,0.0324799
760,38,0.22,0.22,0.3,4,4,13,20.003,0,0
761,38.05,0.22,0.22,0.3,4,4,13,20.003,-0.00280926,0.0324799
762,38.1,0.22,0.22,0.3,4,4,13,20.003,0,0
763,38.15,0.22,0.22,0.3,4,4,13,20.003,-0.00280926,0.0324799
764,38.2,0.22,0.22,0.3,4,4,13,20.003,0,0
765,38.25,0.22,0.22,0.3,4,4,13,20.003,-0.00280926,0.0324799
766,38.3,0.22,0.22,0.3,4,4,13,20.0031,0,0
767,38.35,0.22,0.22,0.3,4,4,13,20.0031,-0.00280926,0.0324799
768,38.4,0.22,0.22,0.3,4,4,13,20.0031,0,0
769,38.45,0.22,0.22,0.3,4,4,13,20.0031,-0.00280926,0.0324799
770,38.5,0.22,0.22,0.3,4,4,13,20.0031,0,0
771,38.55,0.22,0.22,0.3,4,4,13,20.0032,-0.00280926,0.03248
772,38.6,0.22,0.22,0.3,4,4,13,20.0032,0,0
773,38.65,0.22,0.22,0.3,4,4,13,20.0032,-0.00280926,0.03248
774,38.7,0.22,0.22,0.3,4,4,13,20.0032,0,0
775,38.75,0.22,0.22,0.3,4,4,13,20.0032,-0.00280926,0.03248
776,38.8,0.22,0.22,0.3,4,4,13,20.0033,0,0
777,38.85,0.22,0.22,0.3,4,4,13,20.0033,-0.00280926,0.03248
778,38.9,0.22,0.22,0.3,4,4,13,20.0033,0,0
779,38.95,0.22,0.22,0.3,4,4,13,20.0033,-0.00280926,0.03248
780,39,0.22,0.22,0.3,4,4,13,20.0033,0,0
781,39.05,0.22,0.22,0.3,4,4,13,20.0033,-0.00280926,0.03248
782,39.1,0.22,0.22,0.3,4,4,13,20.0034,0,0
783,39.15,0.22,0.22,0.3,4,4,13,20.0034,-0.00280926,0.03248
784,39.2,0.22,0.22,0.3,4,4,13,20.0034,0,0
785,39.25,0.22,0.22,0.3,4,4,13,20.0034,-0.00280926,0.03248
786,39.3,0.22,0.22,0.3,4,4,13,20.0034,0,0
787,39.35,0.22,0.22,0.3,4,4,13,20.0034,-0.00280926,0.03248
788,39.4,0.22,0.22,0.3,4,4,13,20.0035,0,0
789,39.45,0.22,0.22,0.3,4,4,13,20.0035,-0.00280926,0.03248
790,39.5,0.22,0.22,0.3,4,4,13,20.0035,0,0
791,39.55,0.22,0.22,0.3,4,4,13,20.0035,-0.00280926,0.03248
792,39.6,0.22,0.22,0.3,4,4,13,20.0035,0,0
793,39.65,0.22,0.22,0.3,4,4,13,20.0035,-0.00280926,0.03248
794,39.7,0.22,0.22,0.3,4,4,13,20.0036,0,0
795,39.75,0.22,0.22,0.3,4,4,13,20.0036,-0.00280926,0.03248
796,39.8,0.22,0.22,0.3,4,4,13,20.0036,0,0
797,39.85,0.22,0.22,0.3,4,4,13,20.0036,-0.00280926,0.03248
798,39.9,0.22,0.22,0.3,4,4,13,20.0037,0,0
799,39.95,0.22,0.22,0.3,4,4,13,20.0037,-0.00280926,0.03248
800,40,0.22,0.22,0.3,4,4,13,20.0037,0,0
801,40.05,0.22,0.22,0.3,4,4,13,20.0037,-0.00280926,0.03248
802,40.1,0.22,0.22,0.3,4,4,13,20.0037,0,0
803,40.15,0.22,0.22,0.3,4,4,13,20.0037,-0.00280926,0.03248
804,40.2,0.22,0.22,0.3,4,4,13,20.0038,0,0
805,40.25,0.22,0.22,0.3,4,4,13,20.0038,-0.00280926,0.03248
806,40.3,0.22,0.22,0.3,4,4,13,20.0038,0,0
807,40.35,0.22,0.22,0.3,4,4,13,20.0038,-0.00280926,0.03248
808,40.4,0.22,0.22,0.3,4,4,13,20.0038,0,0
809,40.45,0.22,0.22,0.3,4,4,13,20.0039,-0.00280926,0.03248
810,40.5,0.22,0.22,0.3,4,4,13,20.0039,0,0
811,40.55,0.22,0.22,0.3,4,4,13,20.0039,-0.00280926,0.03248
812,40.6,0.22,0.22,0.3,4,4,13,20.0039,0,0
813,40.65,0.22,0.22,0.3,4,4,13,20.0039,-0.00280926,0.03248
814,40.7,0.22,0.22,0.3,4,4,13,20.004,0,0
815,40.75,0.22,0.22,0.3,4,4,13,20.004,-0.00280926,0.03248
816,40.8,0.22,0.22,0.3,4,4,13,20.004,0,0
817,40.85,0.22,0.22,0.3,4,4,13,20.004,-0.00280926,0.03248
818,40.9,0.22,0.22,0.3,4,4,13,20.004,0,0
819,40.95,0.22,0.22,0.3,4,4,13,20.0041,-0.00280926,0.03248
820,41,0.22,0.22,0.3,4,4,13,20.0041,0,0
821,41.05,0.22,0.22,0.3,4,4,13,20.0041,-0.00280926,0.0324801
822,41.1,0.22,0.22,0.3,4,4,13,20.0041,0,0
823,41.15,0.22,0.22,0.3,4,4,13,20.0041,-0.00280926,0.0324801
824,41.2,0.22,0.22,0.3,4,4,13,20.0042,0,0
825,41.25,0.22,0.22,0.3,4,4,13,20.0042,-0.00280926,0.0324801
826,41.3,0.22,0.22,0.3,4,4,13,20.0042,0,0
827,41.35,0.22,0.22,0.3,4,4,13,20.0042,-0.00280926,0.0324801
828,41.4,0.22,0.22,0.3,4,4,13,20.0043,0,0
829,41.45,0.22,0.22,0.3,4,4,13,20.0043,-0.00280926,0.0324801
830,41.5,0.22,0.22,0.3,4,4,13,20.0043,0,0
831,41.55,0.22,0.22,0.3,4,4,13,20.0043,-0.00280926,0.0324801
832,41.6,0.22,0.22,0.3,4,4,13,20.0043,0,0
833,41.65,0.22,0.22,0.3,4,4,13,20.0043,-0.00280926,0.0324801
834,41.7,0.22,0.22,0.3,4,4,13,20.0044,0,0
835,41.75,0.22,0.22,0.3,4,4,13,20.0044,-0.00280926,0.0324801
836,41.8,0.22,0.22,0.3,4,4,13,20.0044,0,0
837,41.85,0.22,0.22,0.3,4,4,13,20.0044,-0.00280926,0.0324801
838,41.9,0.22,0.22,0.3,4,4,13,20.0045,0,0
839,41.95,0.22,0.22,0.3,4,4,13,20.0045,-0.00280926,0.0324801
840,42,0.22,0.22,0.3,4,4,13,20.0045,0,0
841,42.05,0.22,0.22,0.3,4,4,13,20.0045,-0.00280926,0.0324801
842,42.1,0.22,0.22,0.3,4,4,13,20.0045,0,0
843,42.15,0.22,0.22,0.3,4,4,13,20.0046,-0.00280926,0.0324801
844,42.2,0.22,0.22,0.3,4,4,13,20.0046,0,0
845,42.25,0.22,0.22,0.3,4,4,13,20.0046,-0.00280926,0.0324801
846,42.3,0.22,0.22,0.3,4,4,13,20.0046,0,0
847,42.35,0.22,0.22,0.3,4,4,13,20.0046,-0.00280926,0.0324801
848,42.4,0.22,0.22,0.3,4,4,13,20.0047,0,0
849,42.45,0.22,0.22,0.3,4,4,13,20.0047,-0.00280926,0.0324801
850,42.5,0.22,0.22,0.3,4,4,13,20.0047,0,0
851,42.55,0.22,0.22,0.3,4,4,13,20.0047,-0.00280926,0.0324801
852,42.6,0.22,0.22,0.3,4,4,13,20.0048,0,0
853,42.65,0.22,0.22,0.3,4,4,13,20.0048,-0.00280926,0.0324801
854,42.7,0.22,0.22,0.3,4,4,13,20.0048,0,0
855,42.75,0.22,0.22,0.3,4,4,13,20.0048,-0.00280926,0.0324801
856,42.8,0.22,0.22,0.3,4,4,13,20.0048,0,0
857,42.85,0.22,0.22,0.3,4,4,13,20.0049,-0.00280926,0.0324801
858,42.9,0.22,0.22,0.3,4,4,13,20.0049,0,0
859,42.95,0.22,0.22,0.3,4,4,13,20.0049,-0.00280926,0.0324801
860,43,0.22,0.22,0.3,4,4,13,20.0049,0,0
861,43.05,0.22,0.22,0.3,4,4,13,20.0049,-0.00280926,0.0324801
862,43.1,0.22,0.22,0.3,4,4,13,20.005,0,0
863,43.15,0.22,0.22,0.3,4,4,13,20.005,-0.00280926,0.0324801
864,43.2,0.22,0.22,0.3,4,4,13,20.005,0,0
865,43.25,0.22,0.22,0.3,4,4,13,20.005,-0.00280926,0.0324801
866,43.3,0.22,0.22,0.3,4,4,13,20.0051,0,0
867,43.35,0.22,0.22,0.3,4,4,13,20.0051,-0.00280926,0.0324801
868,43.4,0.22,0.22,0.3,4,4,13,20.0051,0,0
869,43.45,0.22,0.22,0.3,4,4,13,20.0051,-0.00280926,0.0324801
870,43.5,0.22,0.22,0.3,4,4,13,20.0052,0,0
871,43.55,0.22,0.22,0.3,4,4,13,20.0052,-0.00280926,0.0324802
872,43.6,0.22,0.22,0.3,4,4,13,20.0052,0,0
873,43.65,0.22,0.22,0.3,4,4,13,20.0052,-0.00280926,0.0324802
874,43.7,0.22,0.22,0.3,4,4,13,20.0053,0,0
875,43.75,0.22,0.22,0.3,4,4,13,20.0053,-0.00280926,0.0324802
876,43.8,0.22,0.22,0.3,4,4,13,20.0053,0,0
877,43.85,0.22,0.22,0.3,4,4,13,20.0053,-0.00280926,0.0324802
878,43.9,0.22,0.22,0.3,4,4,13,20.0053,0,0
879,43.95,0.22,0.22,0.3,4,4,13,20.0054,-0.00280926,0.0324802
880,44,0.22,0.22,0.3,4,4,13,20.0054,0,0
881,44.05,0.22,0.22,0.3,4,4,13,20.0054,-0.00280926,0.0324802
882,44.1,0.22,0.22,0.3,4,4,13,20.0054,0,0
883,44.15,0.22,0.22,0.3,4,4,13,20.0054,-0.00280926,0.0324802
884,44.2,0.22,0.22,0.3,4,4,13,20.0055,0,0
885,44.25,0.22,0.22,0.3,4,4,13,20.0055,-0.00280926,0.0324802
886,44.3,0.22,0.22,0.3,4,4,13,20.0055,0,0
887,44.35,0.22,0.22,0.3,4,4,13,20.0055,-0.00280926,0.0324802
888,44.4,0.22,0.22,0.3,4,4,13,20.0056,0,0
889,44.45,0.22,0.22,0.3,4,4,13,20.0056,-0.00280926,0.0324802
890,44.5,0.22,0.22,0.3,4,4,13,20.0056,0,0
891,44.55,0.22,0.22,0.3,4,4,13,20.0056,-0.00280925,0.0324802
892,44.6,0.22,0.22,0.3,4,4,13,20.0057,0,0
893,44.65,0.22,0.22,0.3,4,4,13,20.0057,-0.00280925,0.0324802
894,44.7,0.22,0.22,0.3,4,4,13,20.0057,0,0
895,44.75,0.22,0.22,0.3,4,4,13,20.0057,-0.00280925,0.0324802
896,44.8,0.22,0.22,0.3,4,4,13,20.0058,0,0
897,44.85,0.22,0.22,0.3,4,4,13,20.0058,-0.00280925,0.0324802
898,44.9,0.22,0.22,0.3,4,4,13,20.0058,0,0
899,44.95,0.22,0.22,0.3,4,4,13,20.0058,-0.00280925,0.0324802
900,45,0.22,0.22,0.3,4,4,13,20.0059,0,0
901,45.05,0.22,0.22,0.3,4,4,13,20.0059,-0.00280925,0.0324802
902,45.1,0.22,0.22,0.3,4,4,13,20.0059,0,0
903,45.15,0.22,0.22,0.3,4,4,13,20.0059,-0.00280925,0.0324802
904,45.2,0.22,0.22,0.3,4,4,13,20.006,0,0
905,45.25,0.22,0.22,0.3,4,4,13,20.006,-0.00280925,0.0324802
906,45.3,0.22,0.22,0.3,4,4,13,20.006,0,0
907,45.35,0.22,0.22,0.3,4,4,13,20.006,-0.00280925,0.0324802
908,45.4,0.22,0.22,0.3,4,4,13,20.0061,0,0
909,45.45,0.22,0.22,0.3,4,4,13,20.0061,-0.00280925,0.0324802
910,45.5,0.22,0.22,0.3,4,4,13,20.0061,0,0
911,45.55,0.22,0.22,0.3,4,4,13,20.0061,-0.00280925,0.0324803
912,45.6,0.22,0.22,0.3,4,4,13,20.0062,0,0
913,45.65,0.22,0.22,0.3,4,4,13,20.0062,-0.00280925,0.0324803
914,45.7,0.22,0.22,0.3,4,4,13,20.0062,0,0
915,45.75,0.22,0.22,0.3,4,4,13,20.0062,-0.00280925,0.0324803
916,45.8,0.22,0.22,0.3,4,4,13,20.0063,0,0
917,45.85,0.22,0.22,0.3,4,4,13,20.0063,-0.00280925,0.0324803
918,45.9,0.22,0.22,0.3,4,4,13,20.0063,0,0
919,45.95,0.22,0.22,0.3,4,4,13,20.0063,-0.00280925,0.0324803
920,46,0.22,0.22,0.3,4,4,13,20.0064,0,0
921,46.05,0.22,0.22,0.3,4,4,13,20.0064,-0.00280925,0.0324803
922,46.1,0.22,0.22,0.3,4,4,13,20.0064,0,0
923,46.15,0.22,0.22,0.3,4,4,13,20.0064,-0.00280925,0.0324803
924,46.2,0.22,0.22,0.3,4,4,13,20.0065,0,0
925,46.25,0.22,0.22,0.3,4,4,13,20.0065,-0.00280925,0.0324803
926,46.3,0.22,0.22,0.3,4,4,13,20.0065,0,0
927,46.35,0.22,0.22,0.3,4,4,13,20.0065,-0.00280925,0.0324803
928,46.4,0.22,0.22,0.3,4,4,13,20.0066,0,0
929,46.45,0.22,0.22,0.3,4,4,13,20.0066,-0.00280925,0.0324803
930,46.5,0.22,0.22,0.3,4,4,13,20.0066,0,0
931,46.55,0.22,0.22,0.3,4,4,13,20.0066,-0.00280924,0.0324803
932,46.6,0.22,0.22,0.3,4,4,13,20.0067,0,0
933,46.65,0.22,0.22,0.3,4,4,13,20.0067,-0.00280924,0.0324803
934,46.7,0.22,0.22,0.3,4,4,13,20.0067,0,0
935,46.75,0.22,0.22,0.3,4,4,13,20.0067,-0.00280924,0.0324803
936,46.8,0.22,0.22,0.3,4,4,13,20.0068,0,0
937,46.85,0.22,0.22,0.3,4,4,13,20.0068,-0.00280924,0.0324803
938,46.9,0.22,0.22,0.3,4,4,13,20.0068,0,0
939,46.95,0.22,0.22,0.3,4,4,13,20.0068,-0.00280924,0.0324803
940,47,0.22,0.22,0.3,4,4,13,20.0069,0,0
941,47.05,0.22,0.22,0.3,4,4,13,20.0069,-0.00280924,0.0324803
942,47.1,0.22,0.22,0.3,4,4,13,20.0069,0,0
943,47.15,0.22,0.22,0.3,4,4,13,20.0069,-0.00280924,0.0324803
944,47.2,0.22,0.22,0.3,4,4,13,20.007,0,0
945,47.25,0.22,0.22,0.3,4,4,13,20.007,-0.00280924,0.0324803
946,47.3,0.22,0.22,0.3,4,4,13,20.007,0,0
947,47.35,0.22,0.22,0.3,4,4,13,20.007,-0.00280924,0.0324803
948,47.4,0.22,0.22,0.3,4,4,13,20.0071,0,0
949,47.45,0.22,0.22,0.3,4,4,13,20.0071,-0.00280924,0.0324803
950,47.5,0.22,0.22,0.3,4,4,13,20.0071,0,0
951,47.55,0.22,0.22,0.3,4,4,13,20.0071,-0.00280924,0.0324804
952,47.6,0.22,0.22,0.3,4,4,13,20.0072,0,0
953,47.65,0.22,0.22,0.3,4,4,13,20.0072,-0.00280924,0.0324804
954,47.7,0.22,0.22,0.3,4,4,13,20.0072,0,0
955,47.75,0.22,0.22,0.3,4,4,13,20.0073,-0.00280924,0.0324804
956,47.8,0.22,0.22,0.3,4,4,13,20.0073,0,0
957,47.85,0.22,0.22,0.3,4,4,13,20.0073,-0.00280924,0.0324804
958,47.9,0.22,0.22,0.3,4,4,13,20.0074,0,0
959,47.95,0.22,0.22,0.3,4,4,13,20.0074,-0.00280924,0.0324804
960,48,0.22,0.22,0.3,4,4,13,20.0074,0,0
961,48.05,0.22,0.22,0.3,4,4,13,20.0074,-0.00280923,0.0324804
962,48.1,0.22,0.22,0.3,4,4,13,20.0075,0,0
963,48.15,0.22,0.22,0.3,4,4,13,20.0075,-0.00280923,0.0324804
964,48.2,0.22,0.22,0.3,4,4,13,20.0075,0,0
965,48.25,0.22,0.22,0.3,4,4,13,20.0075,-0.00280923,0.0324804
966,48.3,0.22,0.22,0.3,4,4,13,20.0076,0,0
967,48.35,0.22,0.22,0.3,4,4,13,20.0076,-0.00280923,0.0324804
968,48.4,0.22,0.22,0.3,4,4,13,20.0076,0,0
969,48.45,0.22,0.22,0.3,4,4,13,20.0076,-0.00280923,0.0324804
970,48.5,0.22,0.22,0.3,4,4,13,20.0077,0,0
971,48.55,0.22,0.22,0.3,4,4,13,20.0077,-0.00280923,0.0324804
972,48.6,0.22,0.22,0.3,4,4,13,20.0077,0,0
973,48.65,0.22,0.22,0.3,4,4,13,20.0077,-0.00280923,0.0324804
974,48.7,0.22,0.22,0.3,4,4,13,20.0078,0,0
975,48.75,0.22,0.22,0.3,4,4,13,20.0078,-0.00280923,0.0324804
976,48.8,0.22,0.22,0.3,4,4,13,20.0078,0,0
977,48.85,0.22,0.22,0.3,4,4,13,20.0079,-0.00280923,0.0324804
978,48.9,0.22,0.22,0.3,4,4,13,20.0079,0,0
979,48.95,0.22,0.22,0.3,4,4,13,20.0079,-0.00280923,0.0324804
980,49,0.22,0.22,0.3,4,4,13,20.008,0,0
981,49.05,0.22,0.22,0.3,4,4,13,20.008,-0.00280922,0.0324804
982,49.1,0.22,0.22,0.3,4,4,13,20.008,0,0
983,49.15,0.22,0.22,0.3,4,4,13,20.008,-0.00280922,0.0324804
984,49.2,0.22,0.22,0.3,4,4,13,20.0081,0,0
985,49.25,0.22,0.22,0.3,4,4,13,20.0081,-0.00280922,0.0324804
986,49.3,0.22,0.22,0.3,4,4,13,20.0081,0,0
987,49.35,0.22,0.22,0.3,4,4,13,20.0081,-0.00280922,0.0324804
988,49.4,0.22,0.22,0.3,4,4,13,20.0082,0,0
989,49.45,0.22,0.22,0.3,4,4,13,20.0082,-0.00280922,0.0324804
990,49.5,0.22,0.22,0.3,4,4,13,20.0082,0,0
991,49.55,0.22,0.22,0.3,4,4,13,20.0082,-0.00280922,0.0324805
992,49.6,0.22,0.22,0.3,4,4,13,20.0083,0,0
993,49.65,0.22,0.22,0.3,4,4,13,20.0083,-0.00280922,0.0324805
994,49.7,0.22,0.22,0.3,4,4,13,20.0083,0,0
995,49.75,0.22,0.22,0.3,4,4,13,20.0084,-0.00280922,0.0324805
996,49.8,0.22,0.22,0.3,4,4,13,20.0084,0,0
997,49.85,0.22,0.22,0.3,4,4,13,20.0084,-0.00280922,0.0324805
998,49.9,0.22,0.22,0.3,4,4,13,20.0085,0,0
999,49.95,0.22,0.22,0.3,4,4,13,20.0085,-0.00280922,0.0324805
1000,50,0.22,0.22,0.3,4,4,13,20.0085,0,0
1001,50.05,0.22,0.22,0.3,4,4,13,20.0085,-0.00280921,0.0324805
1002,50.1,0.22,0.22,0.3,4,4,13,20.0086,0,0
1003,50.15,0.22,0.22,0.3,4,4,13,20.0086,-0.00280921,0.0324805
1004,50.2,0.22,0.22,0.3,4,4,13,20.0086,0,0
1005,50.25,0.22,0.22,0.3,4,4,13,20.0086,-0.00280921,0.0324805
1006,50.3,0.22,0.22,0.3,4,4,13,20.0087,0,0
1007,50.35,0.22,0.22,0.3,4,4,13,20.0087,-0.00280921,0.0324805
1008,50.4,0.22,0.22,0.3,4,4,13,20.0088,0,0
1009,50.45,0.22,0.22,0.3,4,4,13,20.0088,-0.00280921,0.0324805
1010,50.5,0.22,0.22,0.3,4,4,13,20.0088,0,0
1011,50.55,0.22,0.22,0.3,4,4,13,20.0088,-0.00280921,0.0324805
1012,50.6,0.22,0.22,0.3,4,4,13,20.0089,0,0
1013,50.65,0.22,0.22,0.3,4,4,13,20.0089,-0.00280921,0.0324805
1014,50.7,0.22,0.22,0.3,4,4,13,20.0089,0,0
1015,50.75,0.22,0.22,0.3,4,4,13,20.0089,-0.00280921,0.0324805
1016,50.8,0.22,0.22,0.3,4,4,13,20.009,0,0
1017,50.85,0.22,0.22,0.3,4,4,13,20.009,-0.00280921,0.0324805
1018,50.9,0.22,0.22,0.3,4,4,13,20.009,0,0
1019,50.95,0.22,0.22,0.3,4,4,13,20.0091,-0.00280921,0.0324805
1020,51,0.22,0.22,0.3,4,4,13,20.0091,0,0
1021,51.05,0.22,0.22,0.3,4,4,13,20.0091,-0.0028092,0.0324805
1022,51.1,0.22,0.22,0.3,4,4,13,20.0092,0,0
1023,51.15,0.22,0.22,0.3,4,4,13,20.0092,-0.0028092,0.0324805
1024,51.2,0.22,0.22,0.3,4,4,13,20.0092,0,0
1025,51.25,0.22,0.22,0.3,4,4,13,20.0092,-0.0028092,0.0324805
1026,51.3,0.22,0.22,0.3,4,4,13,20.0093,0,0
1027,51.35,0.22,0.22,0.3,4,4,13,20.0093,-0.0028092,0.0324805
1028,51.4,0.22,0.22,0.3,4,4,13,20.0093,0,0
1029,51.45,0.22,0.22,0.3,4,4,13,20.0094,-0.0028092,0.0324805
1030,51.5,0.22,0.22,0.3,4,4,13,20.0094,0,0
1031,51.55,0.22,0.22,0.3,4,4,13,20.0094,-0.00280919,0.0324806
1032,51.6,0.22,0.22,0.3,4,4,13,20.0095,0,0
1033,51.65,0.22,0.22,0.3,4,4,13,20.0095,-0.00280919,0.0324806
1034,51.7,0.22,0.22,0.3,4,4,13,20.0095,0,0
1035,51.75,0.22,0.22,0.3,4,4,13,20.0095,-0.00280919,0.0324806
1036,51.8,0.22,0.22,0.3,4,4,13,20.0096,0,0
1037,51.85,0.22,0.22,0.3,4,4,13,20.0096,-0.00280919,0.0324806
1038,51.9,0.22,0.22,0.3,4,4,13,20.0096,0,0
1039,51.95,0.22,0.22,0.3,4,4,13,20.0097,-0.00280919,0.0324806
1040,52,0.22,0.22,0.3,4,4,13,20.0097,0,0
1041,52.05,0.22,0.22,0.3,4,4,13,20.0097,-0.00280918,0.0324806
1042,52.1,0.22,0.22,0.3,4,4,13,20.0098,0,0
1043,52.15,0.22,0.22,0.3,4,4,13,20.0098,-0.00280918,0.0324806
1044,52.2,0.22,0.22,0.3,4,4,13,20.0098,0,0
1045,52.25,0.22,0.22,0.3,4,4,13,20.0098,-0.00280918,0.0324806
1046,52.3,0.22,0.22,0.3,4,4,13,20.0099,0,0
1047,52.35,0.22,0.22,0.3,4,4,13,20.0099,-0.00280918,0.0324806
1048,52.4,0.22,0.22,0.3,4,4,13,20.0099,0,0
1049,52.45,0.22,0.22,0.3,4,4,13,20.01,-0.00280918,0.0324806
1050,52.5,0.22,0.22,0.3,4,4,13,20.01,0,0
1051,52.55,0.22,0.22,0.3,4,4,13,20.01,-0.00280918,0.0324806
1052,52.6,0.22,0.22,0.3,4,4,13,20.0101,0,0
1053,52.65,0.22,0.22,0.3,4,4,13,20.0101,-0.00280918,0.0324806
1054,52.7,0.22,0.22,0.3,4,4,13,20.0101,0,0
1055,52.75,0.22,0.22,0.3,4,4,13,20.0101,-0.00280918,0.0324806
1056,52.8,0.22,0.22,0.3,4,4,13,20.0102,0,0
1057,52.85,0.22,0.22,0.3,4,4,13,20.0102,-0.00280918,0.0324806
1058,52.9,0.22,0.22,0.3,4,4,13,20.0103,0,0
1059,52.95,0.22,0.22,0.3,4,4,13,20.0103,-0.00280918,0.0324806
1060,53,0.22,0.22,0.3,4,4,13,20.0103,0,0
1061,53.05,0.22,0.22,0.3,4,4,13,20.0103,-0.00280917,0.0324806
1062,53.1,0.22,0.22,0.3,4,4,13,20.0104,0,0
1063,53.15,0.22,0.22,0.3,4,4,13,20.0104,-0.00280917,0.0324806
1064,53.2,0.22,0.22,0.3,4,4,13,20.0104,0,0
1065,53.25,0.22,0.22,0.3,4,4,13,20.0105,-0.00280917,0.0324806
1066,53.3,0.22,0.22,0.3,4,4,13,20.0105,0,0
1067,53.35,0.22,0.22,0.3,4,4,13,20.0105,-0.00280917,0.0324806
1068,53.4,0.22,0.22,0.3,4,4,13,20.0106,0,0
1069,53.45,0.22,0.22,0.3,4,4,13,20.0106,-0.00280917,0.0324806
1070,53.5,0.22,0.22,0.3,4,4,13,20.0106,0,0
1071,53.55,0.22,0.22,0.3,4,4,13,20.0106,-0.00280916,0.0324807
1072,53.6,0.22,0.22,0.3,4,4,13,20.0107,0,0
1073,53.65,0.22,0.22,0.3,4,4,13,20.0107,-0.00280916,0.0324807
1074,53.7,0.22,0.22,0.3,4,4,13,20.0108,0,0
1075,53.75,0.22,0.22,0.3,4,4,13,20.0108,-0.00280916,0.0324807
1076,53.8,0.22,0.22,0.3,4,4,13,20.0108,0,0
1077,53.85,0.22,0.22,0.3,4,4,13,20.0108,-0.00280916,0.0324807
1078,53.9,0.22,0.22,0.3,4,4,13,20.0109,0,0
1079,53.95,0.22,0.22,0.3,4,4,13,20.0109,-0.00280916,0.0324807
1080,54,0.22,0.22,0.3,4,4,13,20.0109,0,0
1081,54.05,0.22,0.22,0.3,4,4,13,20.011,-0.00280915,0.0324807
1082,54.1,0.22,0.22,0.3,4,4,13,20.011,0,0
1083,54.15,0.22,0.22,0.3,4,4,13,20.011,-0.00280915,0.0324807
1084,54.2,0.22,0.22,0.3,4,4,13,20.0111,0,0
1085,54.25,0.22,0.22,0.3,4,4,13,20.0111,-0.00280915,0.0324807
1086,54.3,0.22,0.22,0.3,4,4,13,20.0111,0,0
1087,54.35,0.22,0.22,0.3,4,4,13,20.0111,-0.00280915,0.0324807
1088,54.4,0.22,0.22,0.3,4,4,13,20.0112,0,0
1089,54.45,0.22,0.22,0.3,4,4,13,20.0112,-0.00280915,0.0324807
1090,54.5,0.22,0.22,0.3,4,4,13,20.0113,0,0
1091,54.55,0.22,0.22,0.3,4,4,13,20.0113,-0.00280914,0.0324807
1092,54.6,0.22,0.22,0.3,4,4,13,20.0113,0,0
1093,54.65,0.22,0.22,0.3,4,4,13,20.0113,-0.00280914,0.0324807
1094,54.7,0.22,0.22,0.3,4,4,13,20.0114,0,0
1095,54.75,0.22,0.22,0.3,4,4,13,20.0114,-0.00280914,0.0324807
1096,54.8,0.22,0.22,0.3,4,4,13,20.0115,0,0
1097,54.85,0.22,0.22,0.3,4,4,13,20.0115,-0.00280914,0.0324807
1098,54.9,0.22,0.22,0.3,4,4,13,20.0115,0,0
1099,54.95,0.22,0.22,0.3,4,4,13,20.0115,-0.00280914,0.0324807
1100,55,0.22,0.22,0.3,4,4,13,20.0116,0,0
1101,55.05,0.22,0.22,0.3,4,4,13,20.0116,-0.00280914,0.0324808
1102,55.1,0.22,0.22,0.3,4,4,13,20.0116,0,0
1103,55.15,0.22,0.22,0.3,4,4,13,20.0117,-0.00280914,0.0324808
1104,55.2,0.22,0.22,0.3,4,4,13,20.0117,0,0
1105,55.25,0.22,0.22,0.3,4,4,13,20.0117,-0.00280914,0.0324808
1106,55.3,0.22,0.22,0.3,4,4,13,20.0118,0,0
1107,55.35,0.22,0.22,0.3,4,4,13,20.0118,-0.00280914,0.0324808
1108,55.4,0.22,0.22,0.3,4,4,13,20.0118,0,0
1109,55.45,0.22,0.22,0.3,4,4,13,20.0119,-0.00280914,0.0324808
1110,55.5,0.22,0.22,0.3,4,4,13,20.0119,0,0
1111,55.55,0.22,0.22,0.3,4,4,13,20.0119,-0.00280913,0.0324808
1112,55.6,0.22,0.22,0.3,4,4,13,20.012,0,0
1113,55.65,0.22,0.22,0.3,4,4,13,20.012,-0.00280913,0.0324808
1114,55.7,0.22,0.22,0.3,4,4,13,20.012,0,0
1115,55.75,0.22,0.22,0.3,4,4,13,20.0121,-0.00280913,0.0324808
1116,55.8,0.22,0.22,0.3,4,4,13,20.0121,0,0
1117,55.85,0.22,0.22,0.3,4,4,13,20.0121,-0.00280913,0.0324808
1118,55.9,0.22,0.22,0.3,4,4,13,20.0122,0,0
1119,55.95,0.22,0.22,0.3,4,4,13,20.0122,-0.00280913,0.0324808
1120,56,0.22,0.22,0.3,4,4,13,20.0122,0,0
1121,56.05,0.22,0.22,0.3,4,4,13,20.0123,-0.00280912,0.0324808
1122,56.1,0.22,0.22,0.3,4,4,13,20.0123,0,0
1123,56.15,0.22,0.22,0.3,4,4,13,20.0123,-0.00280912,0.0324808
1124,56.2,0.22,0.22,0.3,4,4,13,20.0124,0,0
1125,56.25,0.22,0.22,0.3,4,4,13,20.0124,-0.00280912,0.0324808
1126,56.3,0.22,0.22,0.3,4,4,13,20.0124,0,0
1127,56.35,0.22,0.22,0.3,4,4,13,20.0125,-0.00280912,0.0324808
1128,56.4,0.22,0.22,0.3,4,4,13,20.0125,0,0
1129,56.45,0.22,0.22,0.3,4,4,13,20.0125,-0.00280912,0.0324808
1130,56.5,0.22,0.22,0.3,4,4,13,20.0126,0,0
1131,56.55,0.22,0.22,0.3,4,4,13,20.0126,-0.00280911,0.0324808
1132,56.6,0.22,0.22,0.3,4,4,13,20.0126,0,0
1133,56.65,0.22,0.22,0.3,4,4,13,20.0127,-0.00280911,0.0324808
1134,56.7,0.22,0.22,0.3,4,4,13,20.0127,0,0
1135,56.75,0.22,0.22,0.3,4,4,13,20.0127,-0.00280911,0.0324808
1136,56.8,0.22,0.22,0.3,4,4,13,20.0128,0,0
1137,56.85,0.22,0.22,0.3,4,4,13,20.0128,-0.00280911,0.0324808
1138,56.9,0.22,0.22,0.3,4,4,13,20.0128,0,0
1139,56.95,0.22,0.22,0.3,4,4,13,20.0129,-0.00280911,0.0324808
1140,57,0.22,0.22,0.3,4,4,13,20.0129,0,0
1141,57.05,0.22,0.22,0.3,4,4,13,20.0129,-0.0028091,0.0324809
1142,57.1,0.22,0.22,0.3,4,4,13,20.013,0,0
1143,57.15,0.22,0.22,0.3,4,4,13,20.013,-0.0028091,0.0324809
1144,57.2,0.22,0.22,0.3,4,4,13,20.013,0,0
1145,57.25,0.22,0.22,0.3,4,4,13,20.0131,-0.0028091,0.0324809
1146,57.3,0.22,0.22,0.3,4,4,13,20.0131,0,0
1147,57.35,0.22,0.22,0.3,4,4,13,20.0131,-0.0028091,0.0324809
1148,57.4,0.22,0.22,0.3,4,4,13,20.0132,0,0
1149,57.45,0.22,0.22,0.3,4,4,13,20.0132,-0.0028091,0.0324809
1150,57.5,0.22,0.22,0.3,4,4,13,20.0132,0,0
1151,57.55,0.22,0.22,0.3,4,4,13,20.0133,-0.00280909,0.0324809
1152,57.6,0.22,0.22,0.3,4,4,13,20.0133,0,0
1153,57.65,0.22,0.22,0.3,4,4,13,20.0133,-0.00280909,0.0324809
1154,57.7,0.22,0.22,0.3,4,4,13,20.0134,0,0
1155,57.75,0.22,0.22,0.3,4,4,13,20.0134,-0.00280909,0.0324809
1156,57.8,0.22,0.22,0.3,4,4,13,20.0135,0,0
1157,57.85,0.22,0.22,0.3,4,4,13,20.0135,-0.00280909,0.0324809
1158,57.9,0.22,0.22,0.3,4,4,13,20.0135,0,0
1159,57.95,0.22,0.22,0.3,4,4,13,20.0135,-0.00280909,0.0324809
1160,58,0.22,0.22,0.3,4,4,13,20.0136,0,0
1161,58.05,0.22,0.22,0.3,4,4,13,20.0136,-0.00280908,0.0324809
1162,58.1,0.22,0.22,0.3,4,4,13,20.0137,0,0
1163,58.15,0.22,0.22,0.3,4,4,13,20.0137,-0.00280908,0.0324809
1164,58.2,0.22,0.22,0.3,4,4,13,20.0137,0,0
1165,58.25,0.22,0.22,0.3,4,4,13,20.0137,-0.00280908,0.0324809
1166,58.3,0.22,0.22,0.3,4,4,13,20.0138,0,0
1167,58.35,0.22,0.22,0.3,4,4,13,20.0138,-0.00280908,0.0324809
1168,58.4,0.22,0.22,0.3,4,4,13,20.0139,0,0
1169,58.45,0.22,0.22,0.3,4,4,13,20.0139,-0.00280908,0.0324809
1170,58.5,0.22,0.22,0.3,4,4,13,20.0139,0,0
1171,58.55,0.22,0.22,0.3,4,4,13,20.014,-0.00280906,0.032481
1172,58.6,0.22,0.22,0.3,4,4,13,20.014,0,0
1173,58.65,0.22,0.22,0.3,4,4,13,20.014,-0.00280906,0.032481
1174,58.7,0.22,0.22,0.3,4,4,13,20.0141,0,0
1175,58.75,0.22,0.22,0.3,4,4,13,20.0141,-0.00280906,0.032481
1176,58.8,0.22,0.22,0.3,4,4,13,20.0141,0,0
1177,58.85,0.22,0.22,0.3,4,4,13,20.0142,-0.00280906,0.032481
1178,58.9,0.22,0.22,0.3,4,4,13,20.0142,0,0
1179,58.95,0.22,0.22,0.3,4,4,13,20.0142,-0.00280906,0.032481
1180,59,0.22,0.22,0.3,4,4,13,20.0143,0,0
1181,59.05,0.22,0.22,0.3,4,4,13,20.0143,-0.00280905,0.032481
1182,59.1,0.22,0.22,0.3,4,4,13,20.0144,0,0
1183,59.15,0.22,0.22,0.3,4,4,13,20.0144,-0.00280905,0.032481
1184,59.2,0.22,0.22,0.3,4,4,13,20.0144,0,0
1185,59.25,0.22,0.22,0.3,4,4,13,20.0144,-0.00280905,0.032481
1186,59.3,0.22,0.22,0.3,4,4,13,20.0145,0,0
1187,59.35,0.22,0.22,0.3,4,4,13,20.0145,-0.00280905,0.032481
1188,59.4,0.22,0.22,0.3,4,4,13,20.0146,0,0
1189,59.45,0.22,0.22,0.3,4,4,13,20.0146,-0.00280905,0.032481
1190,59.5,0.22,0.22,0.3,4,4,13,20.0146,0,0
1191,59.55,0.22,0.22,0.3,4,4,13,20.0147,-0.00280904,0.032481
1192,59.6,0.22,0.22,0.3,4,4,13,20.0147,0,0
1193,59.65,0.22,0.22,0.3,4,4,13,20.0147,-0.00280904,0.032481
1194,59.7,0.22,0.22,0.3,4,4,13,20.0148,0,0
1195,59.75,0.22,0.22,0.3,4,4,13,20.0148,-0.00280904,0.032481
1196,59.8,0.22,0.22,0.3,4,4,13,20.0148,0,0
1197,59.85,0.22,0.22,0.3,4,4,13,20.0149,-0.00280904,0.032481
1198,59.9,0.22,0.22,0.3,4,4,13,20.0149,0,0
1199,59.95,0.22,0.22,0.3,4,4,13,20.0149,-0.00280904,0.032481
